Reference Seq,Position,Mutation Type,Sequence Change,Gene,Function,Product,GO Process,GO Component,Mut ID,Details,Auxotrophic strains hisD gltA A0 F0 I0 R1,Auxotrophic strains hisD gltA A0 F0 I1 R1,Auxotrophic strains hisD gltA A9 F4 I0 R1,Auxotrophic strains hisD gltA A9 F12 I0 R1,Auxotrophic strains hisD gltA A9 F12 I1 R2,Auxotrophic strains hisD gltA A9 F20 I0 R1,Auxotrophic strains hisD gltA A9 F20 I1 R2,Auxotrophic strains hisD gltA A9 F32 I0 R1,Auxotrophic strains hisD gltA A9 F44 I0 R1,Auxotrophic strains hisD gltA A9 F44 I0 R2,Auxotrophic strains hisD gltA A9 F44 I30 R1,Auxotrophic strains hisD gltA A9 F44 I40 R1,Auxotrophic strains hisD gltA A10 F4 I1 R1,Auxotrophic strains hisD gltA A10 F11 I0 R1,Auxotrophic strains hisD gltA A10 F11 I0 R2,Auxotrophic strains hisD gltA A10 F16 I0 R1,Auxotrophic strains hisD gltA A10 F16 I0 R2,Auxotrophic strains hisD gltA A10 F23 I1 R1,Auxotrophic strains hisD gltA A10 F30 I0 R1,Auxotrophic strains hisD gltA A10 F30 I0 R2,Auxotrophic strains hisD gltA A10 F30 I30 R1,Auxotrophic strains hisD gltA A10 F30 I40 R1,Auxotrophic strains hisD gltA A11 F8 I0 R1,Auxotrophic strains hisD gltA A11 F8 I0 R2,Auxotrophic strains hisD gltA A11 F14 I0 R1,Auxotrophic strains hisD gltA A11 F14 I1 R2,Auxotrophic strains hisD gltA A11 F20 I0 R1,Auxotrophic strains hisD gltA A11 F29 I0 R1,Auxotrophic strains hisD gltA A11 F29 I1 R2,Auxotrophic strains hisD gltA A11 F29 I40 R1,Auxotrophic strains hisD gltA A12 F4 I1 R1,Auxotrophic strains hisD gltA A12 F12 I0 R1,Auxotrophic strains hisD gltA A12 F12 I1 R2,Auxotrophic strains hisD gltA A12 F18 I0 R1,Auxotrophic strains hisD gltA A12 F18 I0 R2,Auxotrophic strains hisD gltA A12 F26 I0 R1,Auxotrophic strains hisD gltA A12 F37 I0 R1,Auxotrophic strains hisD gltA A12 F37 I0 R2,Auxotrophic strains hisD gltA A12 F37 I30 R1,Auxotrophic strains hisD gltA A12 F37 I40 R1
62808,CP009273,"1,573,820",SNP,G→T,"yddA, ydeM",,"putative multidrug transporter subunit of ABC superfamily, membrane component/ATP-binding component/putative YdeN-specific sulfatase-maturating enzyme",,,intergenic (‑221/+70),,,,,,,,,,,,,,,,,,,,,,,,,,,,,,,,0.23,,,,,,,,
64043,CP009273,"468,144",DEL,Δ1 bp,glnK,,"nitrogen assimilation regulatory protein for GlnL, GlnE, and AmtB",,,coding (91/339 nt),,,,,,,,,,,,,,,,,,,,,,,,,,,,,,1.00,,,,,,,,,,
63236,CP009273,"2,646,726",SNP,G→A,"sseA, sseB",,"3-mercaptopyruvate sulfurtransferase/rhodanase-like enzyme, sulfur transfer from thiosulfate",,,intergenic (+28/+790),,,,,,,,,,,,,,,,,,,,,,,,,,,,,,,,,,,0.24,,,0.21,,
63237,CP009273,"2,646,731",SNP,T→C,"sseA, sseB",,"3-mercaptopyruvate sulfurtransferase/rhodanase-like enzyme, sulfur transfer from thiosulfate",,,intergenic (+33/+785),,,,,,,,,,,,,,,,,,,,,,,,,,,,,,,,,,,0.22,,,,,
64044,CP009273,"2,860,429",DEL,Δ1 bp,rpoS,,"RNA polymerase, sigma S (sigma 38) factor",,,coding (482/993 nt),,,,,,,,,,,,,,,,,,,,,,,,,,,,,,1.00,,,,,,,,,,
62731,CP009273,"1,306,087",SNP,A→G,"tonB, yciA",,membrane spanning protein in TonB-ExbB-ExbD transport complex/acyl-CoA esterase,,,intergenic (+22/+18),,,,0.24,,,,,,,,,,,,,,,,,,,,,,,,,,,,,,,,,,,,
66572,CP009273,"2,420,394",SNP,G→T,"hisJ, argT",,histidine/lysine/arginine/ornithine transporter subunit/lysine/arginine/ornithine transporter subunit,,,intergenic (‑127/+94),,,,,,,,0.54,0.54,0.55,1.00,,,,,,,,,,,,,,,,,,,,,,,,,,,,,
68623,CP009273,"1,704,053",SNP,G→T,rsxD,,SoxR iron-sulfur cluster reduction factor component; putative membrane protein of electron transport complex,,,G219C (GGT→TGT),,,,,,,,,,,,,,,0.24,,,,,,,,,,,,,,,,,,,,,,,,,
65040,CP009273,"3,701,787",SNP,G→A,"dppA, proK",,dipeptide transporter/tRNA-Pro,,,intergenic (‑722/+189),,,,,,,,,,,,,,,,,,,,,,,,,,,,,,,,,,,,,,0.22,,
65553,CP009273,"2,298,001",SNP,G→T,"eco, mqo",,"ecotin, a serine protease inhibitor/malate dehydrogenase, FAD/NAD(P)-binding domain",,,intergenic (+129/+586),,,,,,,,,,,,,,,,,,,,,,,0.25,,,,,,,,,,,,,,,,,
65042,CP009273,"3,701,789",SNP,T→C,"dppA, proK",,dipeptide transporter/tRNA-Pro,,,intergenic (‑724/+187),,,,,,,,,,,,,,,,,,,,,,,,,,,,,,,,,,,,,,0.22,,
63251,CP009273,"2,672,789",DEL,Δ1 bp,"yphF, yphG",,putative ABC superfamily sugar transporter periplasmic-binding protein/DUF4380 domain-containing TPR repeat protein,,,intergenic (‑63/+34),,,,0.23,,,,,,,,,,,,,,,,,,,,,,,,,,,,,,,,,,,,
65044,CP009273,"3,707,523",INS,+T,bisC,,biotin sulfoxide reductase,,,coding (2232/2334 nt),,,,0.21,,,,,,,,,,,,,,,,,,,,,,,,,,,,,,,,,,,,
65045,CP009273,"3,707,528",DEL,Δ1 bp,bisC,,biotin sulfoxide reductase,,,coding (2227/2334 nt),,,,0.21,,,,,,,,,,,,,,,,,,,,,,,,,,,,,,,,,,,,
67267,CP009273,"2,718,735",SNP,G→T,kgtP,,alpha-ketoglutarate transporter,,,P124Q (CCG→CAG),,,,,,,,,,,,1.00,,,,,,,,,,,,,,,,,,,,,,,,,,,,
65303,CP009273,"982,565",SNP,T→A,"ompF, asnS",,outer membrane porin 1a (Ia;b;F)/asparaginyl tRNA synthetase,,,intergenic (‑127/+476),,,,,,0.37,,0.58,0.54,0.58,1.00,,,,,,,,,,,,,,,,,,,,,,,,,,,,,
64536,CP009273,"1,695,365",SNP,A→T,malY,,"bifunctional beta-cystathionase, PLP-dependent/ regulator of maltose regulon",,,N51I (AAT→ATT),,,,0.21,,,,,,,,,,,,,,,,,,,,,,,,,,,,,,,,,,,,
65302,CP009273,"982,560",SNP,T→A,"ompF, asnS",,outer membrane porin 1a (Ia;b;F)/asparaginyl tRNA synthetase,,,intergenic (‑122/+481),,,,,,,,,,,,,,,,,,,,,,,,,,,,,,,,,,,,0.82,0.56,0.39,1.00,
62767,CP009273,"1,400,350",SNP,A→G,smrA,,DNA endonuclease,,,I39V (ATC→GTC),,,,,,,,,,,,,,0.26,,,,,,,,,,,,,,,,,,,,,,,,,,
62810,CP009273,"1,573,826",SNP,T→C,"yddA, ydeM",,"putative multidrug transporter subunit of ABC superfamily, membrane component/ATP-binding component/putative YdeN-specific sulfatase-maturating enzyme",,,intergenic (‑227/+64),,,,,,,,,,,,,,,,,,,,,,,,,,,,,,,,0.21,,,,,,,,
63262,CP009273,"2,697,663",SNP,A→G,"rnc, lepB",,RNase III/leader peptidase (signal peptidase I),,,intergenic (‑241/+31),,,,,,,,,,0.24,,,,,,,,,,,,,,,,,,,,,,,,,,,,,,
63263,CP009273,"2,697,665",SNP,A→T,"rnc, lepB",,RNase III/leader peptidase (signal peptidase I),,,intergenic (‑243/+29),,,,,,,,,,0.23,,,,,,,,,,,,,,,,,,,,,,,,,,,,,,
63264,CP009273,"2,697,667",SNP,C→T,"rnc, lepB",,RNase III/leader peptidase (signal peptidase I),,,intergenic (‑245/+27),,,,,,,,,,0.24,,,,,,,,,,,,,,,,,,,,,,,,,,,,,,
63024,CP009273,"2,279,621",SNP,T→A,"yejM, proL",,essential inner membrane DUF3413 domain-containing protein; lipid A production and membrane permeability factor/tRNA-Pro,,,intergenic (+6/‑69),,,,0.21,,,,,,,,,,,,,,,,,,,,,,,,,,,,,,,,,,,,
64291,CP009273,"917,772",INS,+C,"macB, cspD",,"fused macrolide transporter subunits of ABC superfamily: ATP-binding component/membrane component/inhibitor of DNA replication, cold shock protein homolog",,,intergenic (+23/+50),,,,,,,,,,,,,,,,,,,,,,,,,,,,,,,,0.21,,,,,,,,
68900,CP009273,"2,899,968",SNP,G→C,"ygcG, eno",,uncharacterized protein/enolase,,,intergenic (+26/+34),,,,,,,,,,,,,,,,,,,,,,,,,,,,,,,,,,,,,,0.26,,
63396,CP009273,"2,899,967",SNP,G→C,"ygcG, eno",,uncharacterized protein/enolase,,,intergenic (+25/+35),,,,,,,,,,,,,,,,,,,,,,,,,,,,,,,,,,,,,,0.27,,
62809,CP009273,"1,573,821",SNP,G→A,"yddA, ydeM",,"putative multidrug transporter subunit of ABC superfamily, membrane component/ATP-binding component/putative YdeN-specific sulfatase-maturating enzyme",,,intergenic (‑222/+69),,,,,,,,,,,,,,,,,,,,,,,,,,,,,,,,0.23,,,,,,,,
65575,CP009273,"2,718,678",SNP,C→G,kgtP,,alpha-ketoglutarate transporter,,,G143A (GGC→GCC),,,,,,,,,,,,,,,,,,,0.21,0.26,,1.00,,,,,,,,,,,,,,,,,,
63836,CP009273,"4,081,451",SNP,G→C,"yiiG, frvR",,DUF3829 family lipoprotein/putative frv operon regulator; contains a PTS EIIA domain,,,intergenic (+34/+16),,,,,,,,,,,,,,,,,,,,,,,,,,,,,,,,,,,0.25,,,,,
62763,CP009273,"1,382,541",SNP,A→T,"tyrR, tpx",,aromatic amino acid biosynthesis and transport regulon transcriptional regulator; autorepressor; ATPase; phosphatase/lipid hydroperoxide peroxidase,,,intergenic (+23/+21),,,,0.22,,,,,,,,,,,,,,,,,,,,,,,,,,,,,,,,,,,,
62764,CP009273,"1,382,542",SNP,A→G,"tyrR, tpx",,aromatic amino acid biosynthesis and transport regulon transcriptional regulator; autorepressor; ATPase; phosphatase/lipid hydroperoxide peroxidase,,,intergenic (+24/+20),,,,0.21,,,,,,,,,,,,,,,,,,,,,,,,,,,,,,,,,,,,
64045,CP009273,"2,985,002",SNP,G→T,ygeG,,SycD-like chaperone family TPR-repeat-containing protein,,,D126Y (GAT→TAT),,,,,,,,,,,,,,,,,,,,,,,,,,,,,,1.00,,,,,,,,,,
63023,CP009273,"2,279,618",SNP,A→T,"yejM, proL",,essential inner membrane DUF3413 domain-containing protein; lipid A production and membrane permeability factor/tRNA-Pro,,,intergenic (+3/‑72),,,,0.20,,,,,,,,,,,,,,,,,,,,,,,,,,,,,,,,,,,,
62768,CP009273,"1,400,355",SNP,C→T,smrA,,DNA endonuclease,,,D40D (GAC→GAT),,,,,,,,,,,,,,0.26,,,,,,,,,,,,,,,,,,,,,,,,,,
63282,CP009273,"2,719,426",SNP,T→C,"kgtP, rrfG",,alpha-ketoglutarate transporter/5S ribosomal RNA of rrnG operon,,,intergenic (‑321/+2),,1.00,0.35,0.51,0.43,0.30,0.29,0.22,0.40,0.65,,1.00,0.40,0.40,0.39,0.60,0.46,,0.55,0.59,,1.00,0.47,0.65,0.49,0.50,0.39,0.28,0.36,1.00,0.33,0.47,0.41,0.51,0.43,0.48,0.42,0.58,,1.00
63283,CP009273,"2,724,432",SNP,A→T,rrsG,,16S ribosomal RNA of rrnG operon,,,noncoding (85/1542 nt),,,,,,,,,,,,,,,,,,,,,,,,,,,,,,,,0.22,,,,,,,,
63284,CP009273,"2,724,433",SNP,A→T,rrsG,,16S ribosomal RNA of rrnG operon,,,noncoding (84/1542 nt),,,,,,,,,,,,,,,,,,,,,,,,,,,,,,,,0.21,,,,,,,,
65591,CP009273,"3,019,631",SNP,G→T,guaD,,guanine deaminase,,,M169I (ATG→ATT),,,,,,,,,,,,,,,,,,,,0.20,,1.00,,,,,,,,,,,,,,,,,,
65592,CP009273,"3,029,079",SNP,C→T,prfB,,peptide chain release factor RF-2,,,A188T (GCT→ACT),,,,,,,,,,,,,,,,,,,,,,1.00,,,,,,,,,,,,,,,,,,
64313,CP009273,"1,014,439",SNP,A→T,"matP, ompA",,Ter macrodomain organizer matS-binding protein/outer membrane protein A (3a;II*;G;d),,,intergenic (+46/+30),,,,,,,,,,,,,,,,0.22,,,,,,,,,,,,,,,,,,,,,,,,
64314,CP009273,"1,014,442",SNP,A→T,"matP, ompA",,Ter macrodomain organizer matS-binding protein/outer membrane protein A (3a;II*;G;d),,,intergenic (+49/+27),,,,,,,,,,,,,,,,0.22,,,,,,,,,,,,,,,,,,,,,,,,
67387,CP009273,"967,089",SNP,G→T,"kdsB, ycbJ",,3-deoxy-manno-octulosonate cytidylyltransferase/protein kinase-like domain protein,,,intergenic (+35/‑119),,,,,,,,,,,,,,,,,,0.34,,,,,,,,,,,,,,,,,,,,,,
65340,CP009273,"2,420,353",SNP,A→G,"hisJ, argT",,histidine/lysine/arginine/ornithine transporter subunit/lysine/arginine/ornithine transporter subunit,,,intergenic (‑86/+135),,,0.21,0.42,0.60,0.68,0.68,0.63,0.54,0.63,1.00,,,,,,,,,,,,,,,,,,,,,,,,,,,,,
67391,CP009273,"2,945,443",SNP,C→A,recD,,"exonuclease V (RecBCD complex), alpha chain",,,V126V (GTG→GTT),,,,,,,,,,,,,,,,,,0.21,,,,,,,,,,,,,,,,,,,,,,
66059,CP009273,"2,420,336",INS,+AAAA,"hisJ, argT",,histidine/lysine/arginine/ornithine transporter subunit/lysine/arginine/ornithine transporter subunit,,,intergenic (‑69/+152),,,,,,,,,,,,,,,,,,,,,,,,,,,,,,,,,,0.40,0.31,0.43,0.57,0.47,1.00,
67396,CP009273,"2,861,917",SNP,G→A,nlpD,,"activator of AmiC murein hydrolase activity, lipoprotein",,,Q66* (CAG→TAG),,,,,,,,,,,,,,,,,,,,,,1.00,,,,,,,,,,,,,,,,,,
67397,CP009273,"2,870,339",SNP,G→A,iap,,aminopeptidase in alkaline phosphatase isozyme conversion,,,G134S (GGC→AGC),,,,,,,,,,,,,,,,,,,,,,1.00,,,,,,,,,,,,,,,,,,
63032,CP009273,"2,298,564",SNP,A→G,"eco, mqo",,"ecotin, a serine protease inhibitor/malate dehydrogenase, FAD/NAD(P)-binding domain",,,intergenic (+692/+23),,,,,,,,,,,,,,,,,,,,,,,,,,,,,,,,,,,0.33,,,,,
62732,CP009273,"1,306,088",SNP,C→T,"tonB, yciA",,membrane spanning protein in TonB-ExbB-ExbD transport complex/acyl-CoA esterase,,,intergenic (+23/+17),,,,0.25,,,,,,,,,,,,,,,,,,,,,,,,,,,,,,,,,,,,
68938,CP009273,"3,326,178",SNP,A→G,"yhbE, rpmA",,EamA family inner membrane putative transporter/50S ribosomal subunit protein L27,,,intergenic (‑84/+43),,,,,,,,,,,,,,,,,,,,,,,,,,,,,,,,,,,,,,0.21,,
62797,CP009273,"1,518,715",INS,+T,"yncE, ansP",,"ATP-binding protein, periplasmic, function unknown/L-asparagine transporter",,,intergenic (+90/+23),,,,,,,,,,,,,,,,0.20,,,,,,,,,,,,,,,,,,,,,,,,
44366,CP009273,"14,119",SNP,G→A,"dnaK, dnaJ",,"chaperone Hsp70, with co-chaperone DnaJ/chaperone Hsp40, DnaK co-chaperone",,,intergenic (+40/‑49),,,,,,,,,,,,,,,,,,,,,,,,,,,,,,,,0.20,,,,,,,,
44367,CP009273,"14,124",SNP,T→A,"dnaK, dnaJ",,"chaperone Hsp70, with co-chaperone DnaJ/chaperone Hsp40, DnaK co-chaperone",,,intergenic (+45/‑44),,,,,,,,,,,,,,,,,,,,,,,,,,,,,,,,0.21,,,,,,,,
44368,CP009273,"14,129",SNP,T→C,"dnaK, dnaJ",,"chaperone Hsp70, with co-chaperone DnaJ/chaperone Hsp40, DnaK co-chaperone",,,intergenic (+50/‑39),,,,,,,,,,,,,,,,,,,,,,,,,,,,,,,,0.23,,,,,,,,
44369,CP009273,"14,132",SNP,C→T,"dnaK, dnaJ",,"chaperone Hsp70, with co-chaperone DnaJ/chaperone Hsp40, DnaK co-chaperone",,,intergenic (+53/‑36),,,,,,,,,,,,,,,,,,,,,,,,,,,,,,,,0.22,,,,,,,,
64654,CP009273,"2,083,607",SNP,C→T,"hisL, hisG",,his operon leader peptide/ATP phosphoribosyltransferase,,,intergenic (+80/‑66),,,,,,,,,,,,,,,,,,,,,,,,,,,,,,,,,,,0.44,,,,,
63561,CP009273,"3,178,254",MOB,IS5 (+) +4 bp,yqiC,,BMFP family putative fusogenic protein,,,coding (56‑59/291 nt),1.00,,0.68,0.40,0.46,0.63,0.72,0.55,0.43,0.58,1.00,,0.55,0.45,0.45,0.46,0.46,0.63,0.47,0.43,1.00,,0.50,0.61,0.51,0.42,0.63,0.49,0.58,,0.57,0.50,0.53,0.54,0.49,0.70,0.54,0.48,1.00,
62521,CP009273,"564,616",SNP,G→T,ybcK,,DLP12 prophage; putative recombinase,,,D87Y (GAC→TAC) ‡,,,,0.21,,,,,,,,,,,,,,,,,,,,,,,,,,,,,,,,,,,,
62552,CP009273,"677,155",SNP,T→A,"djlC, hscC",,"J domain-containing HscC co-chaperone; Hsc56/Hsp70 family chaperone Hsc62, binds to RpoD and inhibits transcription",,,intergenic (+36/+24),,,,,,,,,,,,,,,,0.22,,,,,,,,,,,,,,,,,,,,,,,,
62553,CP009273,"677,156",SNP,T→A,"djlC, hscC",,"J domain-containing HscC co-chaperone; Hsc56/Hsp70 family chaperone Hsc62, binds to RpoD and inhibits transcription",,,intergenic (+37/+23),,,,,,,,,,,,,,,,0.22,,,,,,,,,,,,,,,,,,,,,,,,
62554,CP009273,"677,161",SNP,C→T,"djlC, hscC",,"J domain-containing HscC co-chaperone; Hsc56/Hsp70 family chaperone Hsc62, binds to RpoD and inhibits transcription",,,intergenic (+42/+18),,,,,,,,,,,,,,,,0.21,,,,,,,,,,,,,,,,,,,,,,,,
62811,CP009273,"1,573,827",SNP,A→C,"yddA, ydeM",,"putative multidrug transporter subunit of ABC superfamily, membrane component/ATP-binding component/putative YdeN-specific sulfatase-maturating enzyme",,,intergenic (‑228/+63),,,,,,,,,,,,,,,,,,,,,,,,,,,,,,,,0.22,,,,,,,,
67676,CP009273,"2,084,061",SNP,C→A,hisG,,ATP phosphoribosyltransferase,,,S130Y (TCT→TAT),,,,,0.21,,,,,,,,,,,,,,,,,,,,,,,,,,,,,,,,,,,
63837,CP009273,"4,100,645",SNP,A→T,"cdh, tpiA",,CDP-diacylglycerol phosphotidylhydrolase/triosephosphate isomerase,,,intergenic (+32/+23),,,,0.20,,,,,,,,,,,,,,,,,,,,,,,,,,,,,,,,,,,,
63252,CP009273,"2,672,793",INS,+C,"yphF, yphG",,putative ABC superfamily sugar transporter periplasmic-binding protein/DUF4380 domain-containing TPR repeat protein,,,intergenic (‑67/+30),,,,0.22,,,,,,,,,,,,,,,,,,,,,,,,,,,,,,,,,,,,
63839,CP009273,"4,100,649",SNP,A→T,"cdh, tpiA",,CDP-diacylglycerol phosphotidylhydrolase/triosephosphate isomerase,,,intergenic (+36/+19),,,,0.20,,,,,,,,,,,,,,,,,,,,,,,,,,,,,,,,,,,,
62562,CP009273,"705,626",SNP,C→T,"chiQ, fur",,chitosugar-induced verified lipoprotein/ferric iron uptake regulon transcriptional repressor; autorepressor,,,intergenic (+54/+30),,,,,,,,,,,,,,,,,,,,,,,,,,,,,,,,,,,0.26,,,,,
62563,CP009273,"705,629",SNP,A→G,"chiQ, fur",,chitosugar-induced verified lipoprotein/ferric iron uptake regulon transcriptional repressor; autorepressor,,,intergenic (+57/+27),,,,,,,,,,,,,,,,,,,,,,,,,,,,,,,,,,,0.25,,,,,
63033,CP009273,"2,298,565",SNP,C→G,"eco, mqo",,"ecotin, a serine protease inhibitor/malate dehydrogenase, FAD/NAD(P)-binding domain",,,intergenic (+693/+22),,,,,,,,,,,,,,,,,,,,,,,,,,,,,,,,,,,0.33,,,,,
65041,CP009273,"3,701,788",SNP,T→A,"dppA, proK",,dipeptide transporter/tRNA-Pro,,,intergenic (‑723/+188),,,,,,,,,,,,,,,,,,,,,,,,,,,,,,,,,,,,,,0.22,,
67388,CP009273,"2,034,331",SNP,T→A,yedZ,,inner membrane heme subunit for periplasmic YedYZ reductase,,,I123N (ATC→AAC),,,,,,,,,,,,,,,,,,0.27,,,,,,,,,,,,,,,,,,,,,,
65644,CP009273,"3,935,246",SNP,A→G,rrsC,,16S ribosomal RNA of rrnC operon,,,noncoding (79/1542 nt),,,,,,,,,,,,,,,,,,,0.23,,,,,,,,,,,,,,,,,,,,,
65645,CP009273,"3,935,251",SUB,2 bp→AA,rrsC,,16S ribosomal RNA of rrnC operon,,,noncoding (84‑85/1542 nt),,,,,,,,,,,,,,,,,,,1.00,,,,,,,,,,,,,,,,,,,,,
63856,CP009273,"4,137,977",SNP,C→G,yijO,,AraC family putative transcriptional activator,,,G90A (GGC→GCC),,,,0.25,,,,,,,,,,,,,,,,,,,,,,,,,,,,,,,,,,,,
66139,CP009273,"3,370,282",SNP,C→T,sspA,,"stringent starvation protein A, phage P1 late gene activator, RNAP-associated acid-resistance protein, inactive glutathione S-transferase homolog",,,W166* (TGG→TGA),,,,,,,,,,,,,,,,,,,,,,,,,,,,,,,,,,,,,0.40,0.35,1.00,
63090,CP009273,"2,400,257",MOB,IS5 (+) +4 bp,"lrhA, alaA",,"transcriptional repressor of flagellar, motility and chemotaxis genes/valine-pyruvate aminotransferase 2",,,intergenic (‑137/‑780),1.00,,0.65,0.54,0.62,0.59,0.63,0.71,0.61,0.57,1.00,,0.55,0.49,0.50,0.51,0.33,0.57,0.50,0.49,1.00,,0.56,0.53,0.52,0.49,0.62,0.80,0.84,,0.60,0.62,0.66,0.47,0.51,0.60,0.57,0.66,1.00,
63859,CP009273,"4,167,099",SNP,T→A,"tufB, secE",,translation elongation factor EF-Tu 2/preprotein translocase membrane subunit,,,intergenic (+43/‑187),,,,,,,,,,,,,,,,,,,,,,,,,,,,,,,,0.21,,,,,,,,
63860,CP009273,"4,167,100",SNP,T→A,"tufB, secE",,translation elongation factor EF-Tu 2/preprotein translocase membrane subunit,,,intergenic (+44/‑186),,,,,,,,,,,,,,,,,,,,,,,,,,,,,,,,0.20,,,,,,,,
62868,CP009273,"1,764,461",SNP,C→G,"ydiK, ydiL",,UPF0118 family inner membrane protein/putative HTH domain DNA-binding protein,,,intergenic (+18/‑411),,,,,,,,,,,,,,,,0.21,,,,,,,,,,,,,,,,,,,,,,,,
63099,CP009273,"2,420,328",SNP,G→A,"hisJ, argT",,histidine/lysine/arginine/ornithine transporter subunit/lysine/arginine/ornithine transporter subunit,,,intergenic (‑61/+160),,,,,,,,,,,,,,0.27,0.29,,,,,,,,,,,,,,,,,0.57,0.62,0.41,0.31,0.42,0.56,0.45,1.00,
63100,CP009273,"2,420,353",SNP,A→T,"hisJ, argT",,histidine/lysine/arginine/ornithine transporter subunit/lysine/arginine/ornithine transporter subunit,,,intergenic (‑86/+135),,,,,,,,,,,,,,0.25,,0.38,0.40,0.61,0.43,0.44,1.00,,,,,,,,,,,,,,,,,,,
65663,CP009273,"4,390,205",SNP,G→T,hfq,,"global sRNA chaperone; HF-I, host factor for RNA phage Q beta replication",,,G34V (GGG→GTG),,,,,,,,,,,,,,,,,,,,0.26,,1.00,,,,,,,,,,,,,,,,,,
67458,CP009273,"2,420,337",DEL,Δ120 bp,"hisJ, argT",,histidine/lysine/arginine/ornithine transporter subunit/lysine/arginine/ornithine transporter subunit,,,intergenic (‑70/+32),,,,,,,,,,,,,,,,,,,,,,,,0.56,,0.44,0.59,,0.83,,,,,,,,,,,
63034,CP009273,"2,298,566",SNP,C→T,"eco, mqo",,"ecotin, a serine protease inhibitor/malate dehydrogenase, FAD/NAD(P)-binding domain",,,intergenic (+694/+21),,,,,,,,,,,,,,,,,,,,,,,,,,,,,,,,,,,0.33,,,,,
65413,CP009273,"4,390,235",SNP,T→C,hfq,,"global sRNA chaperone; HF-I, host factor for RNA phage Q beta replication",,,I44T (ATC→ACC),,,,,,0.23,,0.40,0.39,0.30,,1.00,,,,,,,,,,,,,,,,,,,,,,,,,,,,
64706,CP009273,"2,377,435",SNP,A→T,"elaD, yfbK",,"protease, capable of cleaving an AMC-ubiquitin model substrate/Von Willebrand factor domain putative lipoprotein",,,intergenic (+32/+39),,,,,,,,,,,,,,,,,,,,,,,,,,,,,,,,,,,0.29,,,0.21,,
67465,CP009273,"2,720,427",SNP,T→A,rrlG,,23S ribosomal RNA of rrnG operon,,,noncoding (2117/2904 nt),,,,,,,,,,,,,,,,,,,,,,,,,,0.29,,,,,,,,,,,,,,
70027,CP009273,"982,565",SNP,T→A,"ompF, asnS",,"outer membrane porin 1a (Ia,b,F)/asparaginyl tRNA synthetase",,,intergenic (‑127/+476),,,,,,,0.44,,,,,,,,,,,,,,,,,,,,,,,,,,,,,,,,,
64652,CP009273,"2,083,603",SNP,A→G,"hisL, hisG",,his operon leader peptide/ATP phosphoribosyltransferase,,,intergenic (+76/‑70),,,,,,,,,,,,,,,,,,,,,,,,,,,,,,,,,,,0.37,,,,,
65218,CP009273,"4,390,213",SNP,G→T,hfq,,"global sRNA chaperone; HF-I, host factor for RNA phage Q beta replication",,,E37* (GAG→TAG),,,,,,,,,,,,,,,,,,,,,,,,,0.54,,0.43,0.44,,,,,,,,,,,,
65422,CP009273,"83,904",SNP,G→A,ilvH,,"acetolactate synthase 3, small subunit, valine-sensitive",,,G21S (GGC→AGC),,,,,,,,,,,,,,,,,,,,0.24,,,,,,,,,,,,,,,,,,,,
62685,CP009273,"1,164,836",SNP,T→C,"bhsA, ldtC",,"biofilm, cell surface and signaling protein/L,D-transpeptidase linking Lpp to murein",,,intergenic (+50/+32),,,,,,,,,,0.22,,,,,,,,,,,,,,,,,,,,,,,,,,,,,,
62867,CP009273,"1,764,460",SNP,T→A,"ydiK, ydiL",,UPF0118 family inner membrane protein/putative HTH domain DNA-binding protein,,,intergenic (+17/‑412),,,,,,,,,,,,,,,,0.21,,,,,,,,,,,,,,,,,,,,,,,,
62612,CP009273,"893,424",INS,+A,"potI, ybjO",,putrescine transporter subunit: membrane component of ABC superfamily/DUF2593 family inner membrane protein,,,intergenic (+39/‑21),,,,,,,,,,,,,,0.22,,,,,,,,,,,,,,,,,,,,,,,,,,
62869,CP009273,"1,764,462",SNP,T→A,"ydiK, ydiL",,UPF0118 family inner membrane protein/putative HTH domain DNA-binding protein,,,intergenic (+19/‑410),,,,,,,,,,,,,,,,0.21,,,,,,,,,,,,,,,,,,,,,,,,
62619,CP009273,"910,536",SNP,G→C,"ybjE, aqpZ",,putative transporter/aquaporin Z,,,intergenic (‑223/+272),,,,,,,,,,,,,,,,0.20,,,,,,,,,,,,,,,,,,,,,,,,
63644,CP009273,"3,432,947",SNP,G→C,"yhdN, rplQ",,DUF1992 family protein/50S ribosomal subunit protein L17,,,intergenic (‑79/+28),,,,,,,,,,,,,,,,,,,,,,,,,,,,,,,,,,,0.32,,,0.53,,
63645,CP009273,"3,432,948",SNP,G→C,"yhdN, rplQ",,DUF1992 family protein/50S ribosomal subunit protein L17,,,intergenic (‑80/+27),,,,,,,,,,,,,,,,,,,,,,,,,,,,,,,,,,,0.32,,,0.50,,
62613,CP009273,"893,429",DEL,Δ1 bp,"potI, ybjO",,putrescine transporter subunit: membrane component of ABC superfamily/DUF2593 family inner membrane protein,,,intergenic (+44/‑16),,,,,,,,,,,,,,0.22,,,,,,,,,,,,,,,,,,,,,,,,,,
68421,CP009273,"4,020,470",DEL,Δ24 bp,fre,,NAD(P)H-flavin reductase,,,coding (584‑607/702 nt),,,,,,,,,,,,,,,,,,,,,,,,,,,,,,,,,,,0.30,,,,,
62371,CP009273,"80,074",SNP,A→C,"leuA, leuL",,2-isopropylmalate synthase/leu operon leader peptide,,,intergenic (‑58/+35),,,,0.25,,,,,,,,,,,,,,,,,,,,,,,,,,,,,,,0.36,,,0.53,,
62372,CP009273,"80,077",SNP,G→T,"leuA, leuL",,2-isopropylmalate synthase/leu operon leader peptide,,,intergenic (‑61/+32),,,,0.25,,,,,,,,,,,,,,,,,,,,,,,,,,,,,,,0.35,,,0.50,,
64933,CP009273,"3,326,182",SNP,T→C,"yhbE, rpmA",,EamA family inner membrane putative transporter/50S ribosomal subunit protein L27,,,intergenic (‑88/+39),,,,,,,,,,,,,,,,,,,,,,,,,,,,,,,,,,,0.22,,,,,
62887,CP009273,"1,850,590",SNP,T→G,ydjH,,putative kinase,,,E199A (GAG→GCG) ‡,,,,0.20,,,,,,,,,,,,,,,,,,,,,,,,,,,,,,,,,,,,
62888,CP009273,"1,850,591",SNP,C→A,ydjH,,putative kinase,,,E199* (GAG→TAG) ‡,,,,0.20,,,,,,,,,,,,,,,,,,,,,,,,,,,,,,,,,,,,
62377,CP009273,"84,374",SNP,C→T,"ilvH, cra",,"acetolactate synthase 3, small subunit, valine-sensitive/transcriptional repressor-activator for carbon metabolism",,,intergenic (+39/‑141),,,,,,,,,,,,,,,,,,,,,,,,,,,,,,,,0.21,,,,,,,,
63714,CP009273,"3,699,330",SNP,G→A,"dppB, dppA",,dipeptide/heme transporter/dipeptide transporter,,,intergenic (‑180/+128),,,,,,0.20,,,,,,,,,,,,,,,,,,,,,,,,,,0.24,,,,,,,,
63405,CP009273,"2,911,268",SNP,T→G,"barA, gudD",,"hybrid sensory histidine kinase, in two-component regulatory system with UvrY/(D)-glucarate dehydratase 1",,,intergenic (+96/+136),,,,0.21,,,,,,,,,,,,,,,,,,,,,,,,,,,,,,,,,,,,
67504,CP009273,"4,390,213",SNP,G→T,hfq,,"global sRNA chaperone, HF-I, host factor for RNA phage Q beta replication",,,E37* (GAG→TAG),,,,,,,,,,,,,,,,,,,,,,,,,,0.59,,,0.45,,,,,,,,,,,
66483,CP009273,"4,505,789",SNP,A→T,fecA,,ferric citrate outer membrane transporter,,,Y236N (TAC→AAC),,,,0.20,,,,,,,,,,,,,,,,,,,,,,,,,,,,,,,,,,,,
63927,CP009273,"4,390,216",SNP,T→C,hfq,,"global sRNA chaperone; HF-I, host factor for RNA phage Q beta replication",,,S38P (TCT→CCT),,,,,,,,,,,,,,,,0.58,0.65,,0.46,0.45,,,,,,,,,,,,,,,,,,,,
63928,CP009273,"4,390,235",SNP,T→A,hfq,,"global sRNA chaperone; HF-I, host factor for RNA phage Q beta replication",,,I44N (ATC→AAC),,,,,,,,,,,,,,,,,,,,,,,,,,,,,,,,,,,,,0.23,0.36,,1.00
63417,CP009273,"2,929,718",SNP,T→A,fucI,,L-fucose isomerase,,,V259D (GTT→GAT) ‡,,,,0.23,,,,,,,,,,,,,,,,,,,,,,,,,,,,,,,,,,,,
63418,CP009273,"2,929,719",SNP,T→A,fucI,,L-fucose isomerase,,,V259V (GTT→GTA) ‡,,,,0.22,,,,,,,,,,,,,,,,,,,,,,,,,,,,,,,,,,,,
65467,CP009273,"753,013",SNP,G→T,sdhA,,"succinate dehydrogenase, flavoprotein subunit",,,E551* (GAA→TAA),,,,,,,,,,,,,,,,,,,,,,1.00,,,,,,,,,,,,,,,,,,
63936,CP009273,"4,462,254",SNP,T→C,pyrL,,pyrBI operon leader peptide,,,N33D (AAT→GAT),,,,,,,,,,,,,,0.21,,,,,,,,,,,,,,,,,,,,,,,,,,
67265,CP009273,"468,288",SNP,A→T,glnK,,"nitrogen assimilation regulatory protein for GlnL, GlnE, and AmtB",,,K79* (AAG→TAG),,,,,,,,,,,,,,,,,,,,,1.00,,,,,,,,,,,,,,,,,,,
67266,CP009273,"468,093",DEL,Δ1 bp,glnK,,"nitrogen assimilation regulatory protein for GlnL, GlnE, and AmtB",,,coding (40/339 nt),,,,,,,0.24,,0.27,,,1.00,,,,,,,,,,,,,,,,,,,,,,,,,,,,
63171,CP009273,"2,514,707",SNP,A→G,"lysV, xapR",,tRNA-Lys/transcriptional activator of xapAB,,,intergenic (+20/+245),,,,,,,,,0.21,,,,,,,,,,,,,,,,,,,,,,,,,,,,,,,
64707,CP009273,"2,377,438",SNP,A→T,"elaD, yfbK",,"protease, capable of cleaving an AMC-ubiquitin model substrate/Von Willebrand factor domain putative lipoprotein",,,intergenic (+35/+36),,,,,,,,,,,,,,,,,,,,,,,,,,,,,,,,,,,0.28,,,,,
63946,CP009273,"4,510,317",DEL,Δ1 bp,"yjhU, yjhF",,putative DNA-binding transcriptional regulator; KpLE2 phage-like element/putative transporter,,,intergenic (‑176/+171),,,,,,,,,,,,,,,,,,,,,,,,,,,,,,,,,,,0.47,,,,,
63947,CP009273,"4,510,321",INS,+T,"yjhU, yjhF",,putative DNA-binding transcriptional regulator; KpLE2 phage-like element/putative transporter,,,intergenic (‑180/+167),,,,,,,,,,,,,,,,,,,,,,,,,,,,,,,,,,,0.41,,,,,
64168,CP009273,"468,126",DEL,Δ1 bp,glnK,,"nitrogen assimilation regulatory protein for GlnL, GlnE, and AmtB",,,coding (73/339 nt),,,,,,,,,,,,,,,,,,,,,,,,,,,,,,,,,,,,,0.22,,,1.00
68899,CP009273,"2,899,966",SNP,C→T,"ygcG, eno",,uncharacterized protein/enolase,,,intergenic (+24/+36),,,,,,,,,,,,,,,,,,,,,,,,,,,,,,,,,,,,,,0.25,,
65492,CP009273,"1,206,880",SNP,T→C,icdC,,"pseudogene, isocitrate dehydrogenase C-terminal gene fragment; idcC' is a 54 codon 3' gene fragment created during e14 prophage insertion",,,pseudogene (12/165 nt),,,,,,,,,,,,,,,,,,,,0.23,,,,,,,,,,,,,,,,,,,,
65493,CP009273,"1,206,892",SNP,T→C,icdC,,"pseudogene, isocitrate dehydrogenase C-terminal gene fragment; idcC' is a 54 codon 3' gene fragment created during e14 prophage insertion",,,pseudogene (24/165 nt),,,,,,,,,,,,,,,,,,,,0.22,,,,,,,,,,,,,,,,,,,,
66776,CP009273,"3,360,110",DEL,"Δ10,684 bp","[yhcE], yhcF, yhcG, yhcH, nanK, nanE, nanT, nanA, nanR, dcuD, sspB, sspA",,"[yhcE], yhcF, yhcG, yhcH, nanK, nanE, nanT, nanA, nanR, dcuD, sspB, sspA",,,IS5‑mediated,,,,,,,,,,,1.00,,,,,,,,,,,,,,,,,,,,,,,,,,,,,
64932,CP009273,"3,326,181",SNP,G→A,"yhbE, rpmA",,EamA family inner membrane putative transporter/50S ribosomal subunit protein L27,,,intergenic (‑87/+40),,,,,,,,,,,,,,,,,,,,,,,,,,,,,,,,,,,0.22,,,,,
62551,CP009273,"677,150",SNP,A→G,"djlC, hscC",,"J domain-containing HscC co-chaperone; Hsc56/Hsp70 family chaperone Hsc62, binds to RpoD and inhibits transcription",,,intergenic (+31/+29),,,,,,,,,,,,,,,,0.21,,,,,,,,,,,,,,,,,,,,,,,,
67805,CP009273,"345,727",SUB,1156 bp→86 bp,prpC,,2-methylcitrate synthase,,,coding (5‑1160/1170 nt),,1.00,,,,,,,,,,,,,,,,,,,,,,,,,,,,,,,,,,,,,,
62686,CP009273,"1,164,838",SNP,C→G,"bhsA, ldtC",,"biofilm, cell surface and signaling protein/L,D-transpeptidase linking Lpp to murein",,,intergenic (+52/+30),,,,,,,,,,0.22,,,,,,,,,,,,,,,,,,,,,,,,,,,,,,
62687,CP009273,"1,164,840",SNP,G→A,"bhsA, ldtC",,"biofilm, cell surface and signaling protein/L,D-transpeptidase linking Lpp to murein",,,intergenic (+54/+28),,,,,,,,,,0.22,,,,,,,,,,,,,,,,,,,,,,,,,,,,,,
70112,CP009273,"4,390,235",SNP,T→C,hfq,,"global sRNA chaperone, HF-I, host factor for RNA phage Q beta replication",,,I44T (ATC→ACC),,,,,,,0.27,,,,,,,,,,,,,,,,,,,,,,,,,,,,,,,,,
64226,CP009273,"686,846",SNP,G→C,ybeX,,putative ion transport,,,A132G (GCC→GGC),,,,0.23,,,,,,,,,,,,,,,,,,,,,,,,,,,,,,,,,,,,
63715,CP009273,"3,699,331",SNP,C→A,"dppB, dppA",,dipeptide/heme transporter/dipeptide transporter,,,intergenic (‑181/+127),,,,,,0.20,,,,,,,,,,,,,,,,,,,,,,,,,,0.24,,,,,,,,
63716,CP009273,"3,699,344",SNP,T→G,"dppB, dppA",,dipeptide/heme transporter/dipeptide transporter,,,intergenic (‑194/+114),,,,,,0.26,,,,,,,,0.32,,,,,,,,,,,0.21,,,,,,,0.36,,0.23,,,,,,
63717,CP009273,"3,699,345",SNP,T→C,"dppB, dppA",,dipeptide/heme transporter/dipeptide transporter,,,intergenic (‑195/+113),,,,,,0.26,,,,,,,,0.31,,,,,,,,,,,0.21,,,,,,,0.37,,0.23,,,,,,
63718,CP009273,"3,699,408",SNP,G→T,"dppB, dppA",,dipeptide/heme transporter/dipeptide transporter,,,intergenic (‑258/+50),,,,,,,,,,,,,,0.39,,,,,,,,,,,,,,,,,,,,,,,,,,
62439,CP009273,"309,969",SNP,G→A,"ykgP, eaeH",,"pseudogene, oxidoreductase family/pseudogene, attaching and effacing protein homology;factor; Not classified",,,intergenic (‑453/‑99),,,,,,,,,,,,,,,,0.20,,,,,,,,,,,,,,,,,,,,,,,,
64653,CP009273,"2,083,605",SNP,C→G,"hisL, hisG",,his operon leader peptide/ATP phosphoribosyltransferase,,,intergenic (+78/‑68),,,,,,,,,,,,,,,,,,,,,,,,,,,,,,,,,,,0.35,,,,,
62698,CP009273,"1,191,864",SNP,A→T,"icd, ymfD",,"e14 prophage; isocitrate dehydrogenase, specific for NADP+/e14 prophage; putative SAM-dependent methyltransferase",,,intergenic (+35/+459),,,,,,,,,,,,,,,,,,,,,,,,,,,,,,,,,,,0.25,,,,,
62376,CP009273,"84,371",SNP,T→A,"ilvH, cra",,"acetolactate synthase 3, small subunit, valine-sensitive/transcriptional repressor-activator for carbon metabolism",,,intergenic (+36/‑144),,,,,,,,,,,,,,,,,,,,,,,,,,,,,,,,0.21,,,,,,,,
64501,CP009273,"1,614,481",SNP,C→G,"marB, eamA",,"mar operon regulator, periplasmic/cysteine and O-acetyl-L-serine efflux system",,,intergenic (+17/+14),,,,,,,,,,,,,,,,,,,,,,,,,,,,,,,,0.25,,,,,,,,
64502,CP009273,"1,614,484",SNP,C→G,"marB, eamA",,"mar operon regulator, periplasmic/cysteine and O-acetyl-L-serine efflux system",,,intergenic (+20/+11),,,,,,,,,,,,,,,,,,,,,,,,,,,,,,,,0.25,,,,,,,,
62893,CP009273,"1,859,939",SNP,G→C,"yeaE, mipA",,"aldo-keto reductase, methylglyoxal to acetol, NADPH-dependent/scaffolding protein for murein synthesizing machinery",,,intergenic (‑46/+44),,,,,,,,,,,,,,,,,,,,,,,,,,,,,,,,0.21,,,,,,,,
62649,CP009273,"1,011,368",SNP,T→A,"rmf, fabA",,ribosome modulation factor/beta-hydroxydecanoyl thioester dehydrase,,,intergenic (+30/+40),,,,0.23,,,,,,,,,,,,,,,,,,,,,,,,,,,,,,,,,,,,
67581,CP009273,"4,390,175",SNP,T→G,hfq,,"global sRNA chaperone; HF-I, host factor for RNA phage Q beta replication",,,I24S (ATT→AGT),,,,,,,,,,0.28,,,,,,,,,,,,,,,,,,,,,,,,,,,,,,
