Reference Seq,Position,Mutation Type,Sequence Change,Gene,Function,Product,GO Process,GO Component,Mut ID,Details,Auxotrophic strains hisD gltB A0 F0 I0 R1,Auxotrophic strains hisD gltB A0 F0 I1 R1,Auxotrophic strains hisD gltB A5 F5 I0 R1,Auxotrophic strains hisD gltB A5 F5 I0 R2,Auxotrophic strains hisD gltB A5 F10 I0 R1,Auxotrophic strains hisD gltB A5 F10 I0 R2,Auxotrophic strains hisD gltB A5 F18 I0 R1,Auxotrophic strains hisD gltB A5 F28 I0 R1,Auxotrophic strains hisD gltB A5 F28 I0 R2,Auxotrophic strains hisD gltB A5 F28 I30 R1,Auxotrophic strains hisD gltB A5 F28 I40 R1,Auxotrophic strains hisD gltB A6 F6 I0 R1,Auxotrophic strains hisD gltB A6 F6 I0 R2,Auxotrophic strains hisD gltB A6 F10 I0 R1,Auxotrophic strains hisD gltB A6 F10 I1 R2,Auxotrophic strains hisD gltB A6 F13 I1 R1,Auxotrophic strains hisD gltB A6 F17 I0 R1,Auxotrophic strains hisD gltB A6 F17 I0 R2,Auxotrophic strains hisD gltB A6 F17 I30 R1,Auxotrophic strains hisD gltB A6 F17 I40 R1,Auxotrophic strains hisD gltB A8 F5 I0 R1,Auxotrophic strains hisD gltB A8 F5 I0 R2,Auxotrophic strains hisD gltB A8 F7 I0 R1,Auxotrophic strains hisD gltB A8 F7 I0 R2,Auxotrophic strains hisD gltB A8 F11 I0 R1,Auxotrophic strains hisD gltB A8 F17 I0 R1,Auxotrophic strains hisD gltB A8 F17 I0 R2,Auxotrophic strains hisD gltB A8 F17 I30 R1,Auxotrophic strains hisD gltB A8 F17 I40 R1
70147,CP009273,"3,446,378",INS,(GAGCATCA)1→2,rpsJ,,30S ribosomal subunit protein S10,,,coding (252/312 nt),,,,0.25,,,,,,,,,,,,,,,,,,,,,,,,,
72150,CP009273,"4,198,159",SNP,T→A,rrsE,,16S ribosomal RNA of rrnE operon,,,noncoding (85/1542 nt),,,,,,,,,,,,,,,,,,0.35,,,,,,,,,,,
70150,CP009273,"4,049,665",SNP,A→C,glnL,,sensory histidine kinase in two-component regulatory system with GlnG,,,I12S (ATC→AGC),,,0.29,0.28,,,,,,,1.00,,,,,,,,,,,,,,,,,,
70152,CP009273,"4,546,084",SNP,G→T,yjiC,,uncharacterized protein,,,H18Q (CAC→CAA),,1.00,0.48,0.29,0.46,0.36,0.34,0.44,0.29,,1.00,0.42,0.29,0.52,0.53,0.65,0.63,0.52,,1.00,0.48,0.24,0.69,0.33,0.36,0.53,0.41,,1.00
62731,CP009273,"1,306,087",SNP,A→G,"tonB, yciA",,membrane spanning protein in TonB-ExbB-ExbD transport complex/acyl-CoA esterase,,,intergenic (+22/+18),,,0.25,,,,,,,,,,,,,,,,,,,,,,,,,,
62732,CP009273,"1,306,088",SNP,C→T,"tonB, yciA",,membrane spanning protein in TonB-ExbB-ExbD transport complex/acyl-CoA esterase,,,intergenic (+23/+17),,,0.25,,,,,,,,,,,,,,,,,,,,,,,,,,
73858,CP009273,"3,699,388",SNP,T→C,"dppB, dppA",,dipeptide/heme transporter/dipeptide transporter,,,intergenic (‑238/+70),,,,,,,,,,,,,,,,,,,,,0.22,,,,,,,,
70161,CP009273,"1,138,811",SNP,T→C,rne,,fused ribonucleaseE: endoribonuclease/RNA-binding protein/RNA degradosome binding protein,,,D338G (GAC→GGC),,,,,,,,,,,,,,,,,,,,,,,,,,,,,1.00
65302,CP009273,"982,560",SNP,T→A,"ompF, asnS",,outer membrane porin 1a (Ia;b;F)/asparaginyl tRNA synthetase,,,intergenic (‑122/+481),,,,,,,0.49,0.32,0.46,,,,,,,,,,,,,,,,,,,,
70170,CP009273,"2,217,123",SNP,A→G,dld,,"D-lactate dehydrogenase, FAD-binding, NADH independent",,,Y487C (TAC→TGC),,,,,,,,,,,,,,,,,,,,,,,,,,0.24,0.31,,
65563,CP009273,"2,419,720",SNP,T→C,hisJ,,histidine/lysine/arginine/ornithine transporter subunit,,,D183G (GAT→GGT),,,,,,,0.26,0.26,0.36,1.00,,,,,,0.35,0.31,0.35,,,,,,0.23,0.24,0.28,0.29,1.00,
70942,CP009273,"3,371,135",SNP,G→T,"sspA, rpsI",,"stringent starvation protein A, phage P1 late gene activator, RNAP-associated acid-resistance protein, inactive glutathione S-transferase homolog/30S ribosomal subunit protein S9",,,intergenic (‑356/+39),,,,,,,,0.45,0.28,,,,,,,,,,,,,,,,,,,,
62613,CP009273,"893,429",DEL,Δ1 bp,"potI, ybjO",,putrescine transporter subunit: membrane component of ABC superfamily/DUF2593 family inner membrane protein,,,intergenic (+44/‑16),,,,,,,,,,,,0.22,,,,,,,,,,,,,,,,,
64033,CP009273,"4,217,478",SNP,G→A,"metH, yjbB",,"homocysteine-N5-methyltetrahydrofolate transmethylase, B12-dependent/putative Na+/Pi-cotransporter",,,intergenic (+39/‑181),,,0.24,,,,,,,,,,,,,,,,,,,,,,,,,,
64034,CP009273,"4,217,483",SNP,A→T,"metH, yjbB",,"homocysteine-N5-methyltetrahydrofolate transmethylase, B12-dependent/putative Na+/Pi-cotransporter",,,intergenic (+44/‑176),,,0.22,,,,,,,,,,,,,,,,,,,,,,,,,,
64035,CP009273,"4,217,488",SNP,T→C,"metH, yjbB",,"homocysteine-N5-methyltetrahydrofolate transmethylase, B12-dependent/putative Na+/Pi-cotransporter",,,intergenic (+49/‑171),,,0.23,,,,,,,,,,,,,,,,,,,,,,,,,,
66084,CP009273,"2,749,239",SNP,G→A,"smpB, intA",,trans-translation protein/CP4-57 prophage; integrase,,,intergenic (+502/‑279),,,,,,,,0.39,,,,,,,,,0.26,,,,,,,,,0.35,,,
70949,CP009273,"3,417,175",SNP,T→G,"rrfD, rrlD",,5S ribosomal RNA of rrnD operon/23S ribosomal RNA of rrnD operon,,,intergenic (‑29/+64),,,,,,,,0.24,,,,,,,,,,,,,,,,,,,,,
70183,CP009273,"3,219,839",SNP,C→G,ygjI,,putative transporter,,,R83G (CGT→GGT),,,,,,,,,,,,,,,,,,,,,,,,,,,,1.00,
70185,CP009273,"3,347,978",SNP,G→C,"yhcC, gltB",,"putative Fe-S oxidoreductase, Radical SAM superfamily protein/glutamate synthase, large subunit",,,intergenic (‑569/‑106),,,0.30,,,,,,,,,,,,,,,,,,,,,,,,,,
70186,CP009273,"3,347,979",SNP,C→G,"yhcC, gltB",,"putative Fe-S oxidoreductase, Radical SAM superfamily protein/glutamate synthase, large subunit",,,intergenic (‑570/‑105),,,0.31,,,,,,,,,,,,,,,,,,,,,,,,,,
70187,CP009273,"3,378,108",INS,+C,argR,,l-arginine-responsive arginine metabolism regulon transcriptional regulator,,,coding (47/471 nt),,,,,,,,,,,,,,,,,,,,,,,0.23,0.38,0.65,0.47,0.53,1.00,
70188,CP009273,"3,467,661",SNP,C→A,rpsL,,30S ribosomal subunit protein S12,,,G84V (GGC→GTC),,,,,,,,,,,,,,,,,,,,,,,,,,0.28,0.29,,
63099,CP009273,"2,420,328",SNP,G→A,"hisJ, argT",,histidine/lysine/arginine/ornithine transporter subunit/lysine/arginine/ornithine transporter subunit,,,intergenic (‑61/+160),,,0.40,0.52,0.51,0.61,0.66,0.58,0.63,,,,0.29,,,,,,,,,,,,,,,,
71730,CP009273,"2,420,353",SNP,A→C,"hisJ, argT",,histidine/lysine/arginine/ornithine transporter subunit/lysine/arginine/ornithine transporter subunit,,,intergenic (‑86/+135),,,,,,,,,,,,0.39,0.46,0.35,0.56,0.51,0.58,0.65,1.00,,,,,,,,,,
70196,CP009273,"4,049,027",SNP,C→T,glnL,,sensory histidine kinase in two-component regulatory system with GlnG,,,D225N (GAT→AAT),,,,,,,,,,,,,,,,,,,,,,,,,,0.36,0.27,,
65078,CP009273,"3,825,548",SNP,A→T,"yicH, yicI",,putative inner membrane-anchored periplasmic AsmA family protein/putative alpha-glucosidase,,,intergenic (+22/+31),,,0.20,,,,,,,,,,,,,,,,,,,,,,,,,,
71092,CP009273,"4,007,162",SNP,T→C,metE,,5-methyltetrahydropteroyltriglutamate- homocysteine S-methyltransferase,,,N250N (AAT→AAC),,,,,,,,0.20,,,,,,,,,,,,,,,,,,,,,
63035,CP009273,"2,305,095",SNP,C→T,"apbE, ompC",,putative thiamine-synthetic flavin transferase lipoprotein/outer membrane porin protein C,,,intergenic (‑82/+30),,,0.21,,,,,,,,,,,,,,,,,,,,,,,,,,
65340,CP009273,"2,420,353",SNP,A→G,"hisJ, argT",,histidine/lysine/arginine/ornithine transporter subunit/lysine/arginine/ornithine transporter subunit,,,intergenic (‑86/+135),,,,,,,,,,,,,,,,,,,,,0.46,0.57,0.41,0.60,0.70,0.58,0.66,1.00,
63561,CP009273,"3,178,254",MOB,IS5 (+) +4 bp,yqiC,,BMFP family putative fusogenic protein,,,coding (56‑59/291 nt),1.00,,0.40,0.55,0.54,0.61,0.65,0.42,0.64,1.00,,0.53,0.70,0.55,0.55,0.56,0.61,0.65,1.00,,0.46,0.57,0.49,0.59,0.67,0.59,0.67,1.00,
65495,CP009273,"1,206,907",SNP,G→A,icdC,,"pseudogene, isocitrate dehydrogenase C-terminal gene fragment; idcC' is a 54 codon 3' gene fragment created during e14 prophage insertion",,,pseudogene (39/165 nt),,,0.26,0.36,,,,,,,,,,,,,,,,,,,,,,,,,
71139,CP009273,"4,048,586",SNP,A→T,glnG,,fused DNA-binding response regulator in two-component regulatory system with GlnL: response regulator/sigma54 interaction protein,,,V18E (GTG→GAG),,,,,0.36,0.27,,,,,,,,,,,,,,,,,,,,,,,1.00
65634,CP009273,"3,699,377",SNP,C→T,"dppB, dppA",,dipeptide/heme transporter/dipeptide transporter,,,intergenic (‑227/+81),,,,,,,,,,,,,,,,,,,,,0.29,,,,,,,,
65635,CP009273,"3,699,389",SNP,T→C,"dppB, dppA",,dipeptide/heme transporter/dipeptide transporter,,,intergenic (‑239/+69),,,,,,,,,,,,,,,,,,,,,0.21,,,,,,,,
65126,CP009273,"4,053,621",SNP,G→T,"typA, yihL",,GTP-binding protein/putative DNA-binding transcriptional regulator,,,intergenic (+31/‑186),,,0.21,,,,,,,,,,,,,,,,,,,,,,,,,,
65127,CP009273,"4,053,624",SNP,A→C,"typA, yihL",,GTP-binding protein/putative DNA-binding transcriptional regulator,,,intergenic (+34/‑183),,,0.21,,,,,,,,,,,,,,,,,,,,,,,,,,
64316,CP009273,"1,020,945",SNP,G→T,helD,,DNA helicase IV,,,G340V (GGT→GTT),,,0.20,,,,,,,,,,,,,,,,,,,,,,,,,,
70763,CP009273,"2,420,338",INS,+AATT,"hisJ, argT",,histidine/lysine/arginine/ornithine transporter subunit/lysine/arginine/ornithine transporter subunit,,,intergenic (‑71/+150),,,,,0.51,0.60,0.69,0.58,0.63,1.00,,,,,,,,,,,,,,,,,,,
70511,CP009273,"981,479",SNP,G→A,ompF,,outer membrane porin 1a (Ia;b;F),,,G320G (GGC→GGT),,,,,,,,0.54,,,,,,,,,0.37,,,,,,,,,0.42,,,
70512,CP009273,"981,869",SNP,A→G,ompF,,outer membrane porin 1a (Ia;b;F),,,R190R (CGT→CGC),,,,,,,,0.36,,,,,,,,,0.30,,,,,,,,,0.37,,,
70513,CP009273,"982,007",SNP,A→C,ompF,,outer membrane porin 1a (Ia;b;F),,,T144T (ACT→ACG),,,,,,,,0.40,,,,,,,,,0.32,,,,,,,,,0.37,,,
70514,CP009273,"982,010",SNP,A→G,ompF,,outer membrane porin 1a (Ia;b;F),,,D143D (GAT→GAC),,,,,,,,0.40,,,,,,,,,0.31,,,,,,,,,0.37,,,
63859,CP009273,"4,167,099",SNP,T→A,"tufB, secE",,translation elongation factor EF-Tu 2/preprotein translocase membrane subunit,,,intergenic (+43/‑187),,,0.21,,,,,,,,,,,,,,,,,,,,,,,,,,
70516,CP009273,"982,022",SNP,T→C,ompF,,outer membrane porin 1a (Ia;b;F),,,E139E (GAA→GAG),,,,,,,,0.46,,,,,,,,,0.37,,,,,,,,,0.40,,,
70517,CP009273,"982,025",SNP,T→A,ompF,,outer membrane porin 1a (Ia;b;F),,,P138P (CCA→CCT),,,,,,,,0.45,,,,,,,,,0.37,,,,,,,,,0.40,,,
70518,CP009273,"982,304",SNP,A→G,ompF,,outer membrane porin 1a (Ia;b;F),,,F45F (TTT→TTC),,,,,,,,0.54,,,,,,,,,0.48,,,,,,,,,0.56,,,
70519,CP009273,"982,319",SNP,A→G,ompF,,outer membrane porin 1a (Ia;b;F),,,V40V (GTT→GTC),,,,,,,,0.53,,,,,,,,,0.49,,,,,,,,,0.55,,,
73850,CP009273,"3,699,338",SNP,A→C,"dppB, dppA",,dipeptide/heme transporter/dipeptide transporter,,,intergenic (‑188/+120),,,,,,,,,,,,,,,,,,,,,0.28,,,,,,,,
72315,CP009273,"764,350",SNP,T→C,mngB,,alpha-mannosidase,,,L306P (CTG→CCG),,,,,,,,,,,,,,,,,,,,1.00,,,,,,,,,
72316,CP009273,"2,051,591",SNP,G→T,"asnW, yeeO",,"tRNA-Asn/putative multdrug exporter, MATE family",,,intergenic (‑8/+93),,,,,,,,,,,,,,,,,,,,1.00,,,,,,,,,
72317,CP009273,"4,048,383",SNP,C→T,glnG,,fused DNA-binding response regulator in two-component regulatory system with GlnL: response regulator/sigma54 interaction protein,,,D86N (GAT→AAT),,,,,,,,,,,,,,,,,,,,1.00,,,,,,,,,
72318,CP009273,"1,836,631",SUB,1320 bp→81 bp,gdhA,,"glutamate dehydrogenase, NADP-specific",,,coding (4‑1323/1344 nt),,1.00,,,,,,,,,,,,,,,,,,,,,,,,,,,
62847,CP009273,"1,700,999",SNP,T→A,rsxB,,SoxR iron-sulfur cluster reduction factor component; putative iron-sulfur protein,,,I132N (ATC→AAC),,,0.22,,,,,,,,,,,,,,,,,,,,,,,,,,
62848,CP009273,"1,701,002",SNP,T→A,rsxB,,SoxR iron-sulfur cluster reduction factor component; putative iron-sulfur protein,,,V133D (GTT→GAT),,,0.21,,,,,,,,,,,,,,,,,,,,,,,,,,
72066,CP009273,"3,412,459",INS,+A,yhdW,,"pseudogene, amino-acid transporter homology;putative transport; Not classified; putative periplasmic binding transport protein; periplasmic-binding component of ABC superfamily",,,pseudogene (59/66 nt),,,,,,,,,,,1.00,,,,,,,,,,,,,,,,,,
62612,CP009273,"893,424",INS,+A,"potI, ybjO",,putrescine transporter subunit: membrane component of ABC superfamily/DUF2593 family inner membrane protein,,,intergenic (+39/‑21),,,,,,,,,,,,0.23,,,,,,,,,,,,,,,,,
71317,CP009273,"2,420,328",SUB,2 bp→AA,"hisJ, argT",,histidine/lysine/arginine/ornithine transporter subunit/lysine/arginine/ornithine transporter subunit,,,intergenic (‑61/+159),,,,,,,,,,1.00,,,,,,,,,,,,,,,,,,,
71318,CP009273,"3,953,437",DEL,Δ1 bp,yifN,,PemK toxin family pseudogene,,,pseudogene (178/243 nt),,,,,,,,,,1.00,,,,,,,,,,,,,,,,,,,
71319,CP009273,"3,969,337",SNP,G→T,wecE,,TDP-4-oxo-6-deoxy-D-glucose transaminase,,,E278* (GAG→TAG),,,,,,,,,,1.00,,,,,,,,,,,,,,,,,,,
65184,CP009273,"4,285,892",SNP,A→G,"gltP, yjcO",,glutamate/aspartate:proton symporter/Sel1 family TPR-like repeat protein,,,intergenic (+170/+361),,,,,,,,,,,,,,,,,,,,,0.21,,,,,,,,
70939,CP009273,"3,370,451",SNP,C→T,sspA,,"stringent starvation protein A, phage P1 late gene activator, RNAP-associated acid-resistance protein, inactive glutathione S-transferase homolog",,,W110* (TGG→TAG),,,,,,,,0.20,0.31,,,,,,,,,,,,,,,,,,,,
62372,CP009273,"80,077",SNP,G→T,"leuA, leuL",,2-isopropylmalate synthase/leu operon leader peptide,,,intergenic (‑61/+32),,,,,,,,,,,,,,,,,,,,,,,0.20,,,,,,
65193,CP009273,"4,301,897",SNP,G→C,"alsB, alsR",,D-allose transporter subunit/d-allose-inducible als operon transcriptional repressor; autorepressor; repressor of rpiR,,,intergenic (‑38/+21),,,,,,,,,,,,0.20,,,,,,,,,,,,,,,,,
65194,CP009273,"4,301,900",SNP,G→C,"alsB, alsR",,D-allose transporter subunit/d-allose-inducible als operon transcriptional repressor; autorepressor; repressor of rpiR,,,intergenic (‑41/+18),,,,,,,,,,,,0.21,,,,,,,,,,,,,,,,,
65195,CP009273,"4,301,906",SNP,A→G,"alsB, alsR",,D-allose transporter subunit/d-allose-inducible als operon transcriptional repressor; autorepressor; repressor of rpiR,,,intergenic (‑47/+12),,,,,,,,,,,,0.20,,,,,,,,,,,,,,,,,
63090,CP009273,"2,400,257",MOB,IS5 (+) +4 bp,"lrhA, alaA",,"transcriptional repressor of flagellar, motility and chemotaxis genes/valine-pyruvate aminotransferase 2",,,intergenic (‑137/‑780),1.00,,0.40,0.53,0.59,0.52,0.69,0.58,0.82,1.00,,0.48,0.65,0.39,0.53,0.51,0.59,0.64,1.00,,0.44,0.58,0.47,0.61,0.68,0.57,0.67,1.00,
62894,CP009273,"1,863,116",DEL,Δ1 bp,"yeaG, yeaH",,"protein kinase, endogenous substrate unidentified; autokinase/UPF0229 family protein",,,intergenic (+17/‑96),,,0.20,,,,,,,,,,,,,,,,,,,,,,,,,,
62387,CP009273,"107,500",SNP,G→A,"secA, mutT",,"preprotein translocase subunit, ATPase/nucleoside triphosphate pyrophosphohydrolase, marked preference for dGTP",,,intergenic (+29/‑31),,,0.22,,,,,,,,,,,,,,,,,,,,,,,,,,
62388,CP009273,"107,503",SNP,T→C,"secA, mutT",,"preprotein translocase subunit, ATPase/nucleoside triphosphate pyrophosphohydrolase, marked preference for dGTP",,,intergenic (+32/‑28),,,0.21,,,,,,,,,,,,,,,,,,,,,,,,,,
63860,CP009273,"4,167,100",SNP,T→A,"tufB, secE",,translation elongation factor EF-Tu 2/preprotein translocase membrane subunit,,,intergenic (+44/‑186),,,0.20,,,,,,,,,,,,,,,,,,,,,,,,,,
62371,CP009273,"80,074",SNP,A→C,"leuA, leuL",,2-isopropylmalate synthase/leu operon leader peptide,,,intergenic (‑58/+35),,,,,,,,,,,,,,,,,,,,,,,0.20,,,,,,
63036,CP009273,"2,305,098",SNP,A→G,"apbE, ompC",,putative thiamine-synthetic flavin transferase lipoprotein/outer membrane porin protein C,,,intergenic (‑85/+27),,,0.20,,,,,,,,,,,,,,,,,,,,,,,,,,
71114,CP009273,"4,007,762",SNP,C→T,metE,,5-methyltetrahydropteroyltriglutamate- homocysteine S-methyltransferase,,,G450G (GGC→GGT),,,,,,,,,,,,,,,,,,,,,,,,,,0.20,,,
71115,CP009273,"4,007,789",SNP,G→A,metE,,5-methyltetrahydropteroyltriglutamate- homocysteine S-methyltransferase,,,T459T (ACG→ACA),,,,,,,,0.23,,,,,,,,,,,,,,,,,,0.21,,,
70515,CP009273,"982,016",SNP,A→G,ompF,,outer membrane porin 1a (Ia;b;F),,,G141G (GGT→GGC),,,,,,,,0.44,,,,,,,,,0.35,,,,,,,,,0.41,,,
73762,CP009273,"3,420,425",SNP,C→A,"alaU, ileU",,tRNA-Ala/tRNA-Ile,,,intergenic (‑33/+10),,,,,,,,,,,,,,,,,,,,,0.23,,,,,,,,
62930,CP009273,"1,978,593",SNP,C→G,"araG, araF",,fused L-arabinose transporter subunits of ABC superfamily: ATP-binding components/L-arabinose transporter subunit,,,intergenic (‑43/+27),,,0.25,,,,,,,,,,,,,,,,,,,,,,,,,,
72147,CP009273,"4,049,308",SNP,C→G,glnL,,sensory histidine kinase in two-component regulatory system with GlnG,,,R131P (CGT→CCT),,,,,,,,,,,,,,,,,0.29,,,,,,,,,,,,
65492,CP009273,"1,206,880",SNP,T→C,icdC,,"pseudogene, isocitrate dehydrogenase C-terminal gene fragment; idcC' is a 54 codon 3' gene fragment created during e14 prophage insertion",,,pseudogene (12/165 nt),,,0.40,0.40,,,,,,,,,,,,,,,,,,,,,,,,,
72149,CP009273,"4,198,158",SNP,T→A,rrsE,,16S ribosomal RNA of rrnE operon,,,noncoding (84/1542 nt),,,,,,,,,,,,,,,,,,0.35,,,,,,,,,,,
65494,CP009273,"1,206,905",SNP,C→T,icdC,,"pseudogene, isocitrate dehydrogenase C-terminal gene fragment; idcC' is a 54 codon 3' gene fragment created during e14 prophage insertion",,,pseudogene (37/165 nt),,,0.27,0.37,,,,,,,,,,,,,,,,,,,,,,,,,
74711,CP009273,"4,050,838",SNP,A→T,glnA,,glutamine synthetase,,,V186E (GTA→GAA),,,,,,,,,,,,,,,,,,,1.00,,,,,,,,,,
65496,CP009273,"1,206,937",SNP,T→C,icdC,,"pseudogene, isocitrate dehydrogenase C-terminal gene fragment; idcC' is a 54 codon 3' gene fragment created during e14 prophage insertion",,,pseudogene (69/165 nt),,,,0.28,,,,,,,,,,,,,,,,,,,,,,,,,
65497,CP009273,"1,206,940",SNP,C→G,icdC,,"pseudogene, isocitrate dehydrogenase C-terminal gene fragment; idcC' is a 54 codon 3' gene fragment created during e14 prophage insertion",,,pseudogene (72/165 nt),,,,0.25,,,,,,,,,,,,,,,,,,,,,,,,,
65498,CP009273,"1,206,943",SNP,G→A,icdC,,"pseudogene, isocitrate dehydrogenase C-terminal gene fragment; idcC' is a 54 codon 3' gene fragment created during e14 prophage insertion",,,pseudogene (75/165 nt),,,,0.24,,,,,,,,,,,,,,,,,,,,,,,,,
63714,CP009273,"3,699,330",SNP,G→A,"dppB, dppA",,dipeptide/heme transporter/dipeptide transporter,,,intergenic (‑180/+128),,,,,,,,0.22,,,,0.30,,0.21,,,0.26,,,,0.27,,,,,,,,
63715,CP009273,"3,699,331",SNP,C→A,"dppB, dppA",,dipeptide/heme transporter/dipeptide transporter,,,intergenic (‑181/+127),,,,,,,,0.22,,,,0.30,,0.21,,,0.26,,,,0.27,,,,,,,,
63716,CP009273,"3,699,344",SNP,T→G,"dppB, dppA",,dipeptide/heme transporter/dipeptide transporter,,,intergenic (‑194/+114),,,0.33,,0.21,,,0.28,,,,0.34,,,,,0.36,,,,0.36,,0.34,,,,,,
63717,CP009273,"3,699,345",SNP,T→C,"dppB, dppA",,dipeptide/heme transporter/dipeptide transporter,,,intergenic (‑195/+113),,,0.33,,0.21,,,0.28,,,,0.34,,0.26,,,0.35,,,,0.36,,0.34,,,,,,
63718,CP009273,"3,699,408",SNP,G→T,"dppB, dppA",,dipeptide/heme transporter/dipeptide transporter,,,intergenic (‑258/+50),,,,,0.24,,,0.20,,,,0.28,,,,,,,,,0.32,,,,,,,,
70122,CP009273,"1,206,952",SNP,T→C,icdC,,"pseudogene, isocitrate dehydrogenase C-terminal gene fragment; idcC' is a 54 codon 3' gene fragment created during e14 prophage insertion",,,pseudogene (84/165 nt),,,,0.22,,,,,,,,,,,,,,,,,,,,,,,,,
64802,CP009273,"2,709,389",SNP,T→G,"eamB, grcA",,cysteine and O-acetylserine exporter/autonomous glycyl radical cofactor,,,intergenic (+20/+36),,,0.21,,,,,,,,,,,,,,,,,,,,,,,,,,
63954,CP009273,"4,541,239",SNP,T→A,"gntP, uxuA",,fructuronate transporter/mannonate hydrolase,,,intergenic (‑126/‑214),,,0.25,,,,,,,,,,,,,,,,,,,,,,,,,,
70131,CP009273,"2,420,329",SNP,C→A,"hisJ, argT",,histidine/lysine/arginine/ornithine transporter subunit/lysine/arginine/ornithine transporter subunit,,,intergenic (‑62/+159),,,0.34,0.39,0.51,0.61,0.67,0.59,0.63,,,,0.29,,,,,,,,,,,,,,,,
70143,CP009273,"3,178,277",SNP,G→T,yqiC,,BMFP family putative fusogenic protein,,,E27* (GAA→TAA),,1.00,0.62,0.45,0.54,0.41,0.36,0.54,0.42,,1.00,0.42,0.38,0.41,0.48,0.46,0.37,0.39,,1.00,0.54,0.44,0.52,0.35,0.35,0.42,0.35,,1.00
71082,CP009273,"4,006,541",SNP,G→A,metE,,5-methyltetrahydropteroyltriglutamate- homocysteine S-methyltransferase,,,L43L (TTG→TTA),,,,,,,,0.20,,,,,,,,,,,,,,,,,,,,,
65493,CP009273,"1,206,892",SNP,T→C,icdC,,"pseudogene, isocitrate dehydrogenase C-terminal gene fragment; idcC' is a 54 codon 3' gene fragment created during e14 prophage insertion",,,pseudogene (24/165 nt),,,0.31,0.38,,,,,,,,,,,,,,,,,,,,,,,,,
