Reference Seq,Position,Mutation Type,Sequence Change,Gene,Function,Product,GO Process,GO Component,Mut ID,Details,Auxotrophic strains hisD pyrC A0 F0 I0 R1,Auxotrophic strains hisD pyrC A0 F0 I1 R1,Auxotrophic strains hisD pyrC A2 F4 I0 R1,Auxotrophic strains hisD pyrC A2 F4 I0 R2,Auxotrophic strains hisD pyrC A2 F10 I0 R1,Auxotrophic strains hisD pyrC A2 F10 I0 R2,Auxotrophic strains hisD pyrC A2 F21 I0 R1,Auxotrophic strains hisD pyrC A2 F21 I0 R2,Auxotrophic strains hisD pyrC A2 F21 I30 R1,Auxotrophic strains hisD pyrC A2 F21 I40 R1,Auxotrophic strains hisD pyrC A3 F7 I0 R1,Auxotrophic strains hisD pyrC A3 F7 I0 R2,Auxotrophic strains hisD pyrC A3 F11 I0 R1,Auxotrophic strains hisD pyrC A3 F11 I1 R2,Auxotrophic strains hisD pyrC A3 F17 I0 R1,Auxotrophic strains hisD pyrC A3 F26 I0 R1,Auxotrophic strains hisD pyrC A3 F26 I0 R2,Auxotrophic strains hisD pyrC A3 F26 I30 R1,Auxotrophic strains hisD pyrC A3 F26 I40 R1,Auxotrophic strains hisD pyrC A4 F4 I0 R1,Auxotrophic strains hisD pyrC A4 F11 I0 R1,Auxotrophic strains hisD pyrC A4 F11 I0 R2,Auxotrophic strains hisD pyrC A4 F17 I0 R1,Auxotrophic strains hisD pyrC A4 F24 I0 R1,Auxotrophic strains hisD pyrC A4 F24 I0 R2,Auxotrophic strains hisD pyrC A4 F24 I30 R1,Auxotrophic strains hisD pyrC A4 F24 I40 R1
63236,CP009273,"2,646,726",SNP,G→A,"sseA, sseB",,"3-mercaptopyruvate sulfurtransferase/rhodanase-like enzyme, sulfur transfer from thiosulfate",,,intergenic (+28/+790),,,,,,,,,,,,,,,0.25,,,,,,,,,,,,
63237,CP009273,"2,646,731",SNP,T→C,"sseA, sseB",,"3-mercaptopyruvate sulfurtransferase/rhodanase-like enzyme, sulfur transfer from thiosulfate",,,intergenic (+33/+785),,,,,,,,,,,,,,,0.23,,,,,,,,,,,,
62731,CP009273,"1,306,087",SNP,A→G,"tonB, yciA",,membrane spanning protein in TonB-ExbB-ExbD transport complex/acyl-CoA esterase,,,intergenic (+22/+18),,,,,,,,,,,,,,,,,,,,,0.29,,,,,,
62732,CP009273,"1,306,088",SNP,C→T,"tonB, yciA",,membrane spanning protein in TonB-ExbB-ExbD transport complex/acyl-CoA esterase,,,intergenic (+23/+17),,,,,,,,,,,,,,,,,,,,,0.26,,,,,,
75028,CP009273,"1,138,045",DEL,Δ123 bp,rne,,fused ribonucleaseE: endoribonuclease/RNA-binding protein/RNA degradosome binding protein,,,coding (1657‑1779/3186 nt),,,,,,,,,,,,,,,,,0.47,,,,,,,,,,
65302,CP009273,"982,560",SNP,T→A,"ompF, asnS",,outer membrane porin 1a (Ia;b;F)/asparaginyl tRNA synthetase,,,intergenic (‑122/+481),,,,,,,,,1.00,,,,,,,,,1.00,,,,,,,,1.00,
63771,CP009273,"3,881,579",SNP,T→A,"mnmE, tnaC",,tRNA U34 5-methylaminomethyl-2-thiouridine modification GTPase/tryptophanase leader peptide,,,intergenic (+27/‑216),,,,,,,,,,,,,,,,,,,,,0.23,,,,,,
63772,CP009273,"3,881,585",INS,+A,"mnmE, tnaC",,tRNA U34 5-methylaminomethyl-2-thiouridine modification GTPase/tryptophanase leader peptide,,,intergenic (+33/‑210),,,,,,,,,,,,,,,,,,,,,0.21,,,,,,
70942,CP009273,"3,371,135",SNP,G→T,"sspA, rpsI",,"stringent starvation protein A, phage P1 late gene activator, RNAP-associated acid-resistance protein, inactive glutathione S-transferase homolog/30S ribosomal subunit protein S9",,,intergenic (‑356/+39),,,,,,,,0.29,1.00,,,,,,,,,1.00,,,,,,,,1.00,
63493,CP009273,"3,060,679",SNP,A→T,"ygfI, yggE",,putative DNA-binding transcriptional regulator/oxidative stress defense protein,,,intergenic (‑147/+20),,,,,,,,,,,,,,,,,,,,,0.20,,,,,,
66084,CP009273,"2,749,239",SNP,G→A,"smpB, intA",,trans-translation protein/CP4-57 prophage; integrase,,,intergenic (+502/‑279),,,,,,,0.38,,,,0.31,,,,,0.42,,,,0.28,,,,0.30,,,
71730,CP009273,"2,420,353",SNP,A→C,"hisJ, argT",,histidine/lysine/arginine/ornithine transporter subunit/lysine/arginine/ornithine transporter subunit,,,intergenic (‑86/+135),,,,,,,,,,,,,,,,,,,,,0.23,,,0.24,0.20,,
62767,CP009273,"1,400,350",SNP,A→G,smrA,,DNA endonuclease,,,I39V (ATC→GTC),,,0.21,,,,,,,,,,,,,,,,,,,,,,,,
62768,CP009273,"1,400,355",SNP,C→T,smrA,,DNA endonuclease,,,D40D (GAC→GAT),,,0.21,,,,,,,,,,,,,,,,,,,,,,,,
62513,CP009273,"538,547",SNP,G→C,"glxK, allE",,glycerate kinase II/S-ureidoglycine aminohydrolase,,,intergenic (+58/+170),,,,,,,,,,,,,,,,,0.25,,,,,,,,,,
62514,CP009273,"538,550",SNP,G→C,"glxK, allE",,glycerate kinase II/S-ureidoglycine aminohydrolase,,,intergenic (+61/+167),,,,,,,,,,,,,,,,,0.25,,,,,,,,,,
63560,CP009273,"3,176,709",DEL,Δ1 bp,"zupT, ribB",,"zinc transporter/3,4-dihydroxy-2-butanone-4-phosphate synthase",,,intergenic (+27/+463),,,0.21,,,,,,,,,,,,,,,,,,,,,,,,
64313,CP009273,"1,014,439",SNP,A→T,"matP, ompA",,Ter macrodomain organizer matS-binding protein/outer membrane protein A (3a;II*;G;d),,,intergenic (+46/+30),,,,,,,,,,,,,,,0.24,,,,,,,,,,,,
64314,CP009273,"1,014,442",SNP,A→T,"matP, ompA",,Ter macrodomain organizer matS-binding protein/outer membrane protein A (3a;II*;G;d),,,intergenic (+49/+27),,,,,,,,,,,,,,,0.24,,,,,,,,,,,,
65340,CP009273,"2,420,353",SNP,A→G,"hisJ, argT",,histidine/lysine/arginine/ornithine transporter subunit/lysine/arginine/ornithine transporter subunit,,,intergenic (‑86/+135),,,0.31,0.27,0.22,,0.64,0.76,1.00,,,,,,,,,1.00,,,,,,,,1.00,
74813,CP009273,"3,676,860",INS,(GGTACCTGCGG)1→2,"dctA, yhjK",,"C4-dicarboxylic acid, orotate and citrate transporter/cyclic-di-GMP phosphodiesterase",,,intergenic (‑53/+130),,,,,,,,,,,,,,,0.82,0.90,0.93,,1.00,,,,,,,,
76352,CP009273,"3,676,833",SNP,G→T,"dctA, yhjK",,"C4-dicarboxylic acid, orotate and citrate transporter/cyclic-di-GMP phosphodiesterase",,,intergenic (‑26/+157),,,,,,,,,,,,,,,,,,,,,0.27,0.30,,,,,
76353,CP009273,"3,676,894",SNP,T→A,"dctA, yhjK",,"C4-dicarboxylic acid, orotate and citrate transporter/cyclic-di-GMP phosphodiesterase",,,intergenic (‑87/+96),,,,,,,,,,,,,,,,,,,,,,0.34,,,,,
76509,CP009273,"1,117,971",SNP,T→C,pyrC,,dihydro-orotase,,,P31P (CCA→CCG),,,,,,,,,,,,,,,,,,,,,,,,0.23,,,
76102,CP009273,"4,390,234",DEL,Δ1 bp,hfq,,"global sRNA chaperone; HF-I, host factor for RNA phage Q beta replication",,,coding (130/309 nt),,,,,,,,,,,,,,,,,,,,,0.25,,,,,,
63559,CP009273,"3,176,704",INS,+T,"zupT, ribB",,"zinc transporter/3,4-dihydroxy-2-butanone-4-phosphate synthase",,,intergenic (+22/+468),,,0.21,,,,,,,,,,,,,,,,,,,,,,,,
76104,CP009273,"630,174",SNP,C→T,ybdL,,"methionine aminotransferase, PLP-dependent",,,A378V (GCA→GTA),,,,,,,,,1.00,,,,,,,,,,,,,,,,,,
63561,CP009273,"3,178,254",MOB,IS5 (+) +4 bp,yqiC,,BMFP family putative fusogenic protein,,,coding (56‑59/291 nt),1.00,,0.32,0.36,,0.32,,0.24,1.00,,0.35,0.28,0.31,0.27,,,,1.00,,0.49,,,,,,1.00,
63567,CP009273,"3,196,044",SNP,A→G,cca,,fused tRNA nucleotidyl transferase/2'3'-cyclic phosphodiesterase/2'nucleotidase and phosphatase,,,E265E (GAA→GAG),,,,,,,,,,,,,,,,,,,,,0.42,,,,,,
63568,CP009273,"3,196,045",SNP,C→T,cca,,fused tRNA nucleotidyl transferase/2'3'-cyclic phosphodiesterase/2'nucleotidase and phosphatase,,,L266F (CTC→TTC),,,,,,,,,,,,,,,,,,,,,0.41,,,,,,
63569,CP009273,"3,196,052",SNP,C→G,cca,,fused tRNA nucleotidyl transferase/2'3'-cyclic phosphodiesterase/2'nucleotidase and phosphatase,,,P268R (CCG→CGG),,,,,,,,,,,,,,,,,,,,,0.43,,,,,,
62546,CP009273,"650,016",SNP,A→C,"citB, dcuC",,response regulator in two-component regulatory system with CitA/anaerobic C4-dicarboxylate transport,,,intergenic (+18/+23),,,,,,,,,,,,,,,,,,,,,0.26,,,,,,
62547,CP009273,"650,019",SNP,C→G,"citB, dcuC",,response regulator in two-component regulatory system with CitA/anaerobic C4-dicarboxylate transport,,,intergenic (+21/+20),,,,,,,,,,,,,,,,,,,,,0.25,,,,,,
62548,CP009273,"650,022",SNP,G→T,"citB, dcuC",,response regulator in two-component regulatory system with CitA/anaerobic C4-dicarboxylate transport,,,intergenic (+24/+17),,,,,,,,,,,,,,,,,,,,,0.24,,,,,,
63317,CP009273,"2,761,026",SNP,T→G,"rnlB, yfjP",,CP4-57 prophage; uncharacterized protein/CP4-57 prophage; 50S ribosome-binding GTPase family protein,,,intergenic (+312/‑43),,,,,,,,,,,,,,,0.30,,,,,,,,,,,,
63318,CP009273,"2,761,029",SNP,C→A,"rnlB, yfjP",,CP4-57 prophage; uncharacterized protein/CP4-57 prophage; 50S ribosome-binding GTPase family protein,,,intergenic (+315/‑40),,,,,,,,,,,,,,,0.33,,,,,,,,,,,,
63063,CP009273,"2,350,213",SNP,G→C,"glpC, yfaD",,"anaerobic sn-glycerol-3-phosphate dehydrogenase, C subunit, 4Fe-4S iron-sulfur cluster/transposase_31 family protein",,,intergenic (+23/‑170),,,,,,,,,,,,,,,,,,,,,0.20,,,,,,
63064,CP009273,"2,350,216",SNP,T→C,"glpC, yfaD",,"anaerobic sn-glycerol-3-phosphate dehydrogenase, C subunit, 4Fe-4S iron-sulfur cluster/transposase_31 family protein",,,intergenic (+26/‑167),,,,,,,,,,,,,,,,,,,,,0.23,,,,,,
63065,CP009273,"2,350,217",SNP,G→A,"glpC, yfaD",,"anaerobic sn-glycerol-3-phosphate dehydrogenase, C subunit, 4Fe-4S iron-sulfur cluster/transposase_31 family protein",,,intergenic (+27/‑166),,,,,,,,,,,,,,,,,,,,,0.23,,,,,,
63066,CP009273,"2,350,220",SNP,G→C,"glpC, yfaD",,"anaerobic sn-glycerol-3-phosphate dehydrogenase, C subunit, 4Fe-4S iron-sulfur cluster/transposase_31 family protein",,,intergenic (+30/‑163),,,,,,,,,,,,,,,,,,,,,0.24,,,,,,
74810,CP009273,"3,528,506",SNP,A→C,envZ,,sensory histidine kinase in two-component regulatory system with OmpR,,,V241G (GTA→GGA),,,,,,,,,,,,,0.28,0.23,0.82,0.85,0.73,,1.00,,,,,,,,
65121,CP009273,"4,049,891",SNP,A→G,"glnL, glnA",,sensory histidine kinase in two-component regulatory system with GlnG/glutamine synthetase,,,intergenic (‑192/+94),,,,,,,,,,,,,,,,,,,,,0.28,,,,,,
65122,CP009273,"4,049,899",SNP,T→A,"glnL, glnA",,sensory histidine kinase in two-component regulatory system with GlnG/glutamine synthetase,,,intergenic (‑200/+86),,,,,,,,,,,,,,,,,,,,,0.25,,,,,,
65123,CP009273,"4,049,900",SNP,T→A,"glnL, glnA",,sensory histidine kinase in two-component regulatory system with GlnG/glutamine synthetase,,,intergenic (‑201/+85),,,,,,,,,,,,,,,,,,,,,0.25,,,,,,
63715,CP009273,"3,699,331",SNP,C→A,"dppB, dppA",,dipeptide/heme transporter/dipeptide transporter,,,intergenic (‑181/+127),,,,,,,,,,,,,,,,,,,,,,,,0.20,,,
63598,CP009273,"3,281,391",SNP,C→A,"yraH, yraI",,putative fimbrial-like adhesin protein/putative periplasmic pilin chaperone,,,intergenic (+22/‑58),,,,,,,,,,,,,,,0.21,,,,,,,,,,,,
70511,CP009273,"981,479",SNP,G→A,ompF,,outer membrane porin 1a (Ia;b;F),,,G320G (GGC→GGT),,,,,,,0.45,,,,0.39,,,,,0.48,,,,0.25,,,,0.39,,,
70512,CP009273,"981,869",SNP,A→G,ompF,,outer membrane porin 1a (Ia;b;F),,,R190R (CGT→CGC),,,,,,,0.30,,,,0.22,,,,,0.35,,,,0.22,,,,0.26,,,
70513,CP009273,"982,007",SNP,A→C,ompF,,outer membrane porin 1a (Ia;b;F),,,T144T (ACT→ACG),,,,,,,0.31,,,,0.25,,,,,0.39,,,,0.25,,,,0.35,,,
70514,CP009273,"982,010",SNP,A→G,ompF,,outer membrane porin 1a (Ia;b;F),,,D143D (GAT→GAC),,,,,,,0.29,,,,0.25,,,,,0.39,,,,0.25,,,,0.34,,,
74867,CP009273,"3,528,829",INS,(GTTTTCAGCCAG)1→2,envZ,,sensory histidine kinase in two-component regulatory system with OmpR,,,coding (399/1353 nt),,,,0.37,0.82,0.87,0.80,0.74,,1.00,,,,,,,,,,,,,,,,,
70516,CP009273,"982,022",SNP,T→C,ompF,,outer membrane porin 1a (Ia;b;F),,,E139E (GAA→GAG),,,,,,,0.37,,,,0.30,,,,,0.42,,,,0.28,,,,0.40,,,
70517,CP009273,"982,025",SNP,T→A,ompF,,outer membrane porin 1a (Ia;b;F),,,P138P (CCA→CCT),,,,,,,0.36,,,,0.29,,,,,0.41,,,,0.28,,,,0.39,,,
70518,CP009273,"982,304",SNP,A→G,ompF,,outer membrane porin 1a (Ia;b;F),,,F45F (TTT→TTC),,,,,,,0.47,,,,0.39,,,,,0.57,,,,0.33,,,,0.49,,,
74871,CP009273,"3,676,833",DEL,Δ3 bp,"dctA, yhjK",,"C4-dicarboxylic acid, orotate and citrate transporter/cyclic-di-GMP phosphodiesterase",,,intergenic (‑26/+155),,,,,0.82,0.86,0.91,0.87,,1.00,,,,,,,,,,,,,,,,,
63866,CP009273,"4,197,504",SNP,A→G,"purH, rrsE",,fused IMP cyclohydrolase/phosphoribosylaminoimidazolecarboxamide formyltransferase/16S ribosomal RNA of rrnE operon,,,intergenic (‑44/‑571),,,,,,,,,,,,,,,,,,,,,0.22,,,,,,
63867,CP009273,"4,197,519",SNP,C→T,"purH, rrsE",,fused IMP cyclohydrolase/phosphoribosylaminoimidazolecarboxamide formyltransferase/16S ribosomal RNA of rrnE operon,,,intergenic (‑59/‑556),,,,,,,,,,,,,,,,,,,,,0.25,,,,,,
63435,CP009273,"2,966,011",SNP,A→T,"tas, lplT",,putative NADP(H)-dependent aldo-keto reductase/lysophospholipid transporter,,,intergenic (+15/+17),,,,,,,,,,,,,,,,,,,,,,0.21,,,,,
63599,CP009273,"3,281,392",SNP,T→G,"yraH, yraI",,putative fimbrial-like adhesin protein/putative periplasmic pilin chaperone,,,intergenic (+23/‑57),,,,,,,,,,,,,,,0.20,,,,,,,,,,,,
62369,CP009273,"75,317",SNP,T→A,"setA, leuD",,broad specificity sugar efflux system/3-isopropylmalate dehydratase small subunit,,,intergenic (+31/+18),,,,,,,,,,,,,,,,,,,,,0.25,,,,,,
62370,CP009273,"75,318",SNP,T→A,"setA, leuD",,broad specificity sugar efflux system/3-isopropylmalate dehydratase small subunit,,,intergenic (+32/+17),,,,,,,,,,,,,,,,,,,,,0.26,,,,,,
62371,CP009273,"80,074",SNP,A→C,"leuA, leuL",,2-isopropylmalate synthase/leu operon leader peptide,,,intergenic (‑58/+35),,,,,,,,,,,,,,,0.40,,,,,,,,,,,,
62372,CP009273,"80,077",SNP,G→T,"leuA, leuL",,2-isopropylmalate synthase/leu operon leader peptide,,,intergenic (‑61/+32),,,,,,,,,,,,,,,0.40,,,,,,,,,,,,
75688,CP009273,"3,529,197",SNP,A→G,envZ,,sensory histidine kinase in two-component regulatory system with OmpR,,,S11P (TCA→CCA),,,,,,,,,,,,,,,,,,,,,0.59,1.00,1.00,0.88,1.00,,1.00
75689,CP009273,"3,676,871",INS,+TAA,"dctA, yhjK",,"C4-dicarboxylic acid, orotate and citrate transporter/cyclic-di-GMP phosphodiesterase",,,intergenic (‑64/+119),,,,,,,,,,,,,,,,,,,,,0.58,0.61,0.92,0.93,0.93,,1.00
75690,CP009273,"4,390,286",SNP,C→A,hfq,,"global sRNA chaperone; HF-I, host factor for RNA phage Q beta replication",,,T61N (ACT→AAT),,,,,,,,,,,,,,,,,,,,,,,0.65,0.55,0.66,,1.00
63090,CP009273,"2,400,257",MOB,IS5 (+) +4 bp,"lrhA, alaA",,"transcriptional repressor of flagellar, motility and chemotaxis genes/valine-pyruvate aminotransferase 2",,,intergenic (‑137/‑780),1.00,,0.31,0.35,,0.23,0.57,0.59,1.00,,0.28,0.32,0.36,0.37,0.22,,0.23,1.00,,0.42,0.23,,,0.27,,1.00,
64687,CP009273,"2,279,790",SNP,C→G,"proL, yejO",,"tRNA-Pro/pseudogene, autotransporter outer membrane homology;putative transport; Not classified; putative ATP-binding component of a transport system",,,intergenic (+24/+79),,,,,,,,,,,,,,,,,,,,,0.22,,,,,,
64688,CP009273,"2,279,792",SNP,T→A,"proL, yejO",,"tRNA-Pro/pseudogene, autotransporter outer membrane homology;putative transport; Not classified; putative ATP-binding component of a transport system",,,intergenic (+26/+77),,,,,,,,,,,,,,,,,,,,,0.21,,,,,,
64689,CP009273,"2,279,794",SNP,C→G,"proL, yejO",,"tRNA-Pro/pseudogene, autotransporter outer membrane homology;putative transport; Not classified; putative ATP-binding component of a transport system",,,intergenic (+28/+75),,,,,,,,,,,,,,,,,,,,,0.22,,,,,,
70515,CP009273,"982,016",SNP,A→G,ompF,,outer membrane porin 1a (Ia;b;F),,,G141G (GGT→GGC),,,,,,,0.36,,,,0.31,,,,,0.43,,,,0.28,,,,0.35,,,
65219,CP009273,"4,399,220",DEL,Δ1 bp,rlmB,,"23S rRNA mG2251 2'-O-ribose methyltransferase, SAM-dependent",,,coding (129/732 nt),,,,,,,,,,,,,,,,,,,,,0.26,,,,,,
65220,CP009273,"4,399,224",SNP,T→A,rlmB,,"23S rRNA mG2251 2'-O-ribose methyltransferase, SAM-dependent",,,S45T (TCT→ACT),,,,,,,,,,,,,,,,,,,,,0.27,,,,,,
65221,CP009273,"4,399,228",INS,+A,rlmB,,"23S rRNA mG2251 2'-O-ribose methyltransferase, SAM-dependent",,,coding (137/732 nt),,,,,,,,,,,,,,,,,,,,,0.27,,,,,,
63946,CP009273,"4,510,317",DEL,Δ1 bp,"yjhU, yjhF",,putative DNA-binding transcriptional regulator; KpLE2 phage-like element/putative transporter,,,intergenic (‑176/+171),,,,,,,,,,,,,,,,,,,,,0.22,,,,,,
70519,CP009273,"982,319",SNP,A→G,ompF,,outer membrane porin 1a (Ia;b;F),,,V40V (GTT→GTC),,,,,,,0.48,,,,0.38,,,,,0.56,,,,0.34,,,,0.48,,,
63436,CP009273,"2,966,012",SNP,A→T,"tas, lplT",,putative NADP(H)-dependent aldo-keto reductase/lysophospholipid transporter,,,intergenic (+16/+16),,,,,,,,,,,,,,,,,,,,,,0.21,,,,,
63694,CP009273,"3,650,961",SNP,G→C,"hdeD, gadE",,acid-resistance membrane protein/gad regulon transcriptional activator,,,intergenic (+34/‑765),,,,,,,,,,,,,,,,,,,,,0.23,,,,,,
65240,CP009273,"4,460,768",SNP,A→C,"ridA, pyrI",,"enamine/imine deaminase, reaction intermediate detoxification/aspartate carbamoyltransferase, regulatory subunit",,,intergenic (‑38/+35),,,,,,,,,,,,,,,,,,,,,0.21,,,,,,
65241,CP009273,"4,460,769",SNP,T→C,"ridA, pyrI",,"enamine/imine deaminase, reaction intermediate detoxification/aspartate carbamoyltransferase, regulatory subunit",,,intergenic (‑39/+34),,,,,,,,,,,,,,,,,,,,,0.23,,,,,,
65242,CP009273,"4,460,774",SNP,G→A,"ridA, pyrI",,"enamine/imine deaminase, reaction intermediate detoxification/aspartate carbamoyltransferase, regulatory subunit",,,intergenic (‑44/+29),,,,,,,,,,,,,,,,,,,,,0.22,,,,,,
65243,CP009273,"4,460,775",SNP,G→T,"ridA, pyrI",,"enamine/imine deaminase, reaction intermediate detoxification/aspartate carbamoyltransferase, regulatory subunit",,,intergenic (‑45/+28),,,,,,,,,,,,,,,,,,,,,0.22,,,,,,
65244,CP009273,"4,468,829",SNP,A→T,"rraB, yjgM",,protein inhibitor of RNase E/putative acetyltransferase,,,intergenic (+123/+22),,,0.22,,,,,,,,,,,,,,,,,,,,,,,,
65245,CP009273,"4,468,833",SNP,G→C,"rraB, yjgM",,protein inhibitor of RNase E/putative acetyltransferase,,,intergenic (+127/+18),,,0.20,,,,,,,,,,,,,,,,,,,,,,,,
65246,CP009273,"4,468,837",SNP,A→T,"rraB, yjgM",,protein inhibitor of RNase E/putative acetyltransferase,,,intergenic (+131/+14),,,0.20,,,,,,,,,,,,,,,,,,,,,,,,
63968,CP009273,"4,563,006",SNP,T→C,yjiT,,pseudogene,,,pseudogene (776/1503 nt),,,,,,,,,,,,,,,,,,,,,0.20,,,,,,
63099,CP009273,"2,420,328",SNP,G→A,"hisJ, argT",,histidine/lysine/arginine/ornithine transporter subunit/lysine/arginine/ornithine transporter subunit,,,intergenic (‑61/+160),,,,,,,,,,,,,0.44,0.37,,,,,,0.32,,,,,,,
63716,CP009273,"3,699,344",SNP,T→G,"dppB, dppA",,dipeptide/heme transporter/dipeptide transporter,,,intergenic (‑194/+114),,,,,0.26,,,,,,,,,,,,,,,,,,,0.26,,,
63717,CP009273,"3,699,345",SNP,T→C,"dppB, dppA",,dipeptide/heme transporter/dipeptide transporter,,,intergenic (‑195/+113),,,,,0.27,,,,,,,,,,,,,,,,,,,0.26,,,
63718,CP009273,"3,699,408",SNP,G→T,"dppB, dppA",,dipeptide/heme transporter/dipeptide transporter,,,intergenic (‑258/+50),,,,,0.21,,,,,,,,,,,,,,,,,,,,,,
65256,CP009273,"4,522,351",SNP,G→C,yjhP,,putative methyltransferase,,,A217G (GCC→GGC),,,,,,,,,,,,,,,,,,,,,0.23,,,,,,
65257,CP009273,"4,522,354",SNP,G→C,yjhP,,putative methyltransferase,,,A216G (GCC→GGC),,,,,,,,,,,,,,,,,,,,,0.23,,,,,,
74734,CP009273,"444,779",SNP,C→T,cyoB,,cytochrome o ubiquinol oxidase subunit I,,,W440* (TGG→TAG),,1.00,0.77,0.84,0.89,0.86,0.80,0.70,,1.00,0.68,0.58,0.76,0.64,1.00,0.87,1.00,,1.00,0.67,1.00,1.00,1.00,0.90,0.85,,1.00
70131,CP009273,"2,420,329",SNP,C→A,"hisJ, argT",,histidine/lysine/arginine/ornithine transporter subunit/lysine/arginine/ornithine transporter subunit,,,intergenic (‑62/+159),,,,,,,,,,,,,0.30,0.24,,,,,,0.32,,,,,,,
62965,CP009273,"2,075,169",SNP,A→T,dacD,,D-alanyl-D-alanine carboxypeptidase (penicillin-binding protein 6b),,,I287N (ATT→AAT),,,,,,,,,,,,,,,,,,,,,0.24,,,,,,
62454,CP009273,"330,877",SNP,T→A,"yahC, yahD",,putative inner membrane protein/ankyrin repeat protein,,,intergenic (‑144/‑114),,,,,,,,,,,,,,,,,,,,,0.22,,,,,,
63828,CP009273,"4,049,892",SNP,A→C,"glnL, glnA",,sensory histidine kinase in two-component regulatory system with GlnG/glutamine synthetase,,,intergenic (‑193/+93),,,,,,,,,,,,,,,,,,,,,0.27,,,,,,
