Reference Seq,Position,Mutation Type,Sequence Change,Gene,Function,Product,GO Process,GO Component,Mut ID,Details,SSW GLU AC A7 F90 I0 R1,SSW GLU AC A7 F90 I0 R2,SSW GLU AC A7 F90 I0 R3,SSW GLU AC A7 F90 I1 R1,SSW GLU AC A7 F90 I2 R1,SSW GLU AC A7 F90 I3 R1,SSW GLU AC A7 F90 I4 R1,SSW GLU AC A7 F90 I5 R1,SSW GLU AC A7 F90 I6 R1,SSW GLU AC A7 F90 I7 R1,SSW GLU AC A7 F90 I8 R1,SSW GLU AC A7 F90 I9 R1,SSW GLU AC A8 F91 I0 R1,SSW GLU AC A8 F91 I0 R2,SSW GLU AC A8 F91 I1 R1,SSW GLU AC A8 F91 I2 R1,SSW GLU AC A8 F91 I3 R1,SSW GLU AC A8 F91 I4 R1,SSW GLU AC A8 F91 I5 R1,SSW GLU AC A8 F91 I6 R1,SSW GLU AC A8 F91 I7 R1,SSW GLU AC A8 F91 I8 R1,SSW GLU AC A8 F91 I9 R1,SSW GLU AC A8 F91 I10 R1,SSW GLU AC A8 F91 I11 R1,SSW GLU AC A9 F92 I0 R1,SSW GLU AC A9 F92 I0 R2,SSW GLU AC A9 F92 I1 R1,SSW GLU AC A9 F92 I2 R1,SSW GLU AC A9 F92 I3 R1,SSW GLU AC A9 F92 I4 R1,SSW GLU AC A9 F92 I5 R1,SSW GLU AC A9 F92 I6 R1,SSW GLU AC A9 F92 I7 R1,SSW GLU AC A9 F92 I8 R1
44289,NC_000913,"376,536",SNP,G→A,mhpT,,3-hydroxyphenylpropionic transporter,,,G360R (GGG→AGG),,,,,,,,,,,,,,,,,,,,,,,,,,,,,,,1.00,,,,
43292,NC_000913,"1,196,220",SNP,C→T,icd,,"isocitrate dehydrogenase, e14 prophage attachment site, tellurite reductase",,,H366H (CAC→CAT),,,,,,,,1.00,,1.00,,1.00,,,,,,,1.00,1.00,,,,,,,,,,,,,,,
43293,NC_000913,"1,196,232",SNP,C→T,icd,,"isocitrate dehydrogenase, e14 prophage attachment site, tellurite reductase",,,T370T (ACC→ACT),,,,,,,,1.00,,1.00,,,,,,,,,1.00,1.00,,,,,,,,,,,,,,,
43294,NC_000913,"1,196,245",SNP,T→C,icd,,"isocitrate dehydrogenase, e14 prophage attachment site, tellurite reductase",,,L375M (TTA→CTG),,,,,,,,1.00,,1.00,,,,,,,,,1.00,1.00,,,,,,,,,,,,,,,
43295,NC_000913,"1,196,247",SNP,A→G,icd,,"isocitrate dehydrogenase, e14 prophage attachment site, tellurite reductase",,,L375M (TTA→CTG),,,,,,,,1.00,,1.00,,,,,,,,,1.00,1.00,,,,,,,,,,,,,,,
43299,NC_000913,"3,815,810",DEL,Δ1 bp,"pyrE, rph",,"orotate phosphoribosyltransferase/ribonuclease PH (defective),enzyme, Degradation of RNA, RNase PH",,,intergenic (‑42/+24),,,,,,,,,,,,,,,,,,,,,1.00,,,,,,,,,,,,,,
43308,NC_000913,"3,815,808",DEL,(A)8→7,"pyrE, rph",,"orotate phosphoribosyltransferase/ribonuclease PH (defective),enzyme, Degradation of RNA, RNase PH",,,intergenic (‑40/+26),,,,,1.00,1.00,1.00,,,,1.00,,,,,,,,,,,,,,,,,1.00,1.00,1.00,1.00,1.00,1.00,1.00,1.00
37956,NC_000913,"4,182,803",SNP,C→T,rpoB,,"RNA polymerase, beta subunit",,,P520L (CCG→CTG),,,,,1.00,,,,,,,,,,,,,,,,,,,,,,,,,,,,,,
26183,NC_000913,"1,978,503",DEL,Δ776 bp,"insB1, insA",,"insB1, insA",,,,,,,1.00,1.00,1.00,1.00,,1.00,1.00,1.00,1.00,,,1.00,1.00,1.00,1.00,1.00,1.00,1.00,1.00,1.00,1.00,1.00,,1.00,1.00,1.00,1.00,1.00,1.00,1.00,1.00,1.00
26191,NC_000913,"1,299,499",DEL,"Δ1,199 bp","ychE, oppA",,UPF0056 family inner membrane protein/oligopeptide ABC transporter periplasmic binding protein,,,intergenic (+254/‑485),,,,,1.00,,1.00,,1.00,,1.00,,,,1.00,1.00,1.00,1.00,1.00,1.00,1.00,1.00,1.00,1.00,1.00,,,,,,,,1.00,1.00,
43350,NC_000913,"1,529,175",SNP,T→C,rhsE,,"pseudogene, Rhs family",,,pseudogene (1274/2037 nt),0.25,1.00,1.00,1.00,,,,1.00,1.00,1.00,,1.00,,,,,,,,,,,,,,1.00,1.00,1.00,1.00,1.00,1.00,1.00,1.00,1.00,1.00
43351,NC_000913,"1,529,180",SNP,T→C,rhsE,,"pseudogene, Rhs family",,,pseudogene (1279/2037 nt),0.24,1.00,1.00,1.00,,,,1.00,1.00,1.00,,1.00,,,,,,,,,,,,,,1.00,1.00,1.00,1.00,1.00,1.00,1.00,1.00,1.00,1.00
43352,NC_000913,"1,529,185",SNP,C→T,rhsE,,"pseudogene, Rhs family",,,pseudogene (1284/2037 nt),0.24,1.00,0.95,1.00,,,,1.00,1.00,1.00,,1.00,,,,,,,,,,,,,,1.00,1.00,1.00,1.00,1.00,1.00,1.00,1.00,1.00,1.00
43353,NC_000913,"1,529,203",SNP,C→A,rhsE,,"pseudogene, Rhs family",,,pseudogene (1302/2037 nt),0.27,1.00,1.00,1.00,,,,1.00,1.00,1.00,,1.00,,,,,,,,,,,,,,1.00,1.00,1.00,1.00,1.00,1.00,1.00,1.00,1.00,1.00
43354,NC_000913,"1,529,218",SNP,C→T,rhsE,,"pseudogene, Rhs family",,,pseudogene (1317/2037 nt),1.00,1.00,1.00,1.00,1.00,1.00,1.00,1.00,1.00,1.00,1.00,1.00,1.00,,1.00,1.00,1.00,1.00,1.00,1.00,1.00,1.00,1.00,1.00,1.00,1.00,1.00,1.00,1.00,1.00,1.00,1.00,1.00,1.00,1.00
44176,NC_000913,"3,816,605",DEL,Δ103 bp,[yicC],,[yicC],,,,,,,,,,,,,,,,,,,,1.00,,,,,,,,,,,,,,,,,,
43381,NC_000913,"1,907,448",MOB,IS5 (–) +4 bp,yobF,,DUF2527 family heat-induced protein,,,coding (141‑144/144 nt),,,,,,,,,,,,,1.00,,1.00,1.00,1.00,1.00,1.00,1.00,1.00,1.00,1.00,1.00,1.00,,,,,,,,,,
43384,NC_000913,"2,173,361",DEL,Δ2 bp,gatC,,"pseudogene, galactitol-specific enzyme IIC component of PTS,transport, Transport of small molecules: Carbohydrates, organic acids, alcohols, PTS system galactitol-specific enzyme IIC",,,pseudogene (1‑2/442 nt),1.00,1.00,1.00,,,,,,,,,,1.00,1.00,,,,,,,,,,,,1.00,1.00,,,,,,,,
43388,NC_000913,"4,187,507",SNP,A→C,rpoC,,"RNA polymerase, beta prime subunit",,,N720H (AAC→CAC),0.56,,,,1.00,1.00,1.00,,,,1.00,,1.00,,1.00,1.00,1.00,1.00,1.00,1.00,1.00,1.00,1.00,1.00,1.00,,,,,,,,,,
43389,NC_000913,"4,296,190",SNP,A→G,"gltP, yjcO",,glutamate/aspartate:proton symporter/Sel1 family TPR-like repeat protein,,,intergenic (+396/+246),,0.25,,,,,,,,,,,,,,,,,,,,,,,,0.29,,,,,,,,,
43390,NC_000913,"4,296,191",SNP,A→C,"gltP, yjcO",,glutamate/aspartate:proton symporter/Sel1 family TPR-like repeat protein,,,intergenic (+397/+245),,0.33,,,,,,,,,,,,,,,,,,,,,,,,0.30,,,,,,,,,
43391,NC_000913,"4,296,268",SNP,T→C,"gltP, yjcO",,glutamate/aspartate:proton symporter/Sel1 family TPR-like repeat protein,,,intergenic (+474/+168),0.37,0.24,0.34,,,,,,,,,,0.36,0.32,,,,,,,,,,,,0.32,0.26,,,,,,,,
43392,NC_000913,"4,296,286",SNP,C→T,"gltP, yjcO",,glutamate/aspartate:proton symporter/Sel1 family TPR-like repeat protein,,,intergenic (+492/+150),0.22,,0.23,,,,,,,,,,0.27,,,,,,,,,,,,,,0.21,,,,,,,,
43395,NC_000913,"4,296,380",INS,+CG,"gltP, yjcO",,glutamate/aspartate:proton symporter/Sel1 family TPR-like repeat protein,,,intergenic (+586/+56),1.00,,1.00,,,,,,,,,,1.00,1.00,,,,,,,,,,,,1.00,1.00,,,,,,,,
44167,NC_000913,"1,355,035",SNP,G→A,sapB,,antimicrobial peptide transport ABC transporter permease,,,R146C (CGT→TGT),,,,,,,,,,,,,0.38,,1.00,1.00,,1.00,1.00,1.00,,,,1.00,1.00,,,,,,,,,,
44173,NC_000913,"3,802,236",SNP,C→A,waaO,,"UDP-D-galactose:(glucosyl)lipopolysaccharide- alpha-1,3-D-galactosyltransferase",,,D275Y (GAT→TAT),,,,,,,,,,,,,0.38,,,,,,,,1.00,,,,,,,,,,,,,,
44174,NC_000913,"3,815,809",DEL,Δ1 bp,"pyrE, rph",,"orotate phosphoribosyltransferase/ribonuclease PH (defective),enzyme, Degradation of RNA, RNase PH",,,intergenic (‑41/+25),,,,,,,,,,,,,0.42,0.79,,,,,,,,,,,,,,,,,,,,,
44175,NC_000913,"3,815,810",SNP,G→T,"pyrE, rph",,"orotate phosphoribosyltransferase/ribonuclease PH (defective),enzyme, Degradation of RNA, RNase PH",,,intergenic (‑42/+24),,,,,,,,,,,,,0.49,,1.00,1.00,,1.00,1.00,1.00,,,1.00,1.00,1.00,,,,,,,,,,
40592,NC_000913,"3,815,859",DEL,Δ82 bp,"[rph], [rph]",,"[rph], [rph]",,,,0.39,1.00,1.00,1.00,,,,1.00,1.00,1.00,,1.00,,,,,,,,,,,,,,,,,,,,,,,
44177,NC_000913,"3,966,721",SNP,G→T,rho,,transcription termination factor,,,R102L (CGC→CTC),,,,,,,,,,,,,0.27,,,,,,,,1.00,,,,,,,,,,,,,,
44178,NC_000913,"1,907,448",MOB,IS5 (+) +4 bp,yobF,,DUF2527 family heat-induced protein,,,coding (141‑144/144 nt),,,,,,,,,,,,,,,,,,,,,,,,,,1.00,1.00,1.00,1.00,1.00,1.00,1.00,1.00,1.00,1.00
44179,NC_000913,"2,347,240",DEL,Δ88 bp,"nrdA, nrdB",,"ribonucleoside-diphosphate reductase 1, alpha subunit/ribonucleoside-diphosphate reductase 1, beta subunit, ferritin-like protein",,,intergenic (+90/‑57),,,,,,,,,,,,,,,,,,,,,,,,,,0.68,,,,,1.00,,1.00,1.00,1.00
44180,NC_000913,"2,967,731",DEL,(T)5→4,ptsP,,"PEP-protein phosphotransferase enzyme I, GAF domain containing protein",,,coding (704/2247 nt),,,,,,,,,,,,,,,,,,,,,,,,,,,,,,,1.00,,1.00,1.00,1.00
44181,NC_000913,"4,186,542",SNP,A→T,rpoC,,"RNA polymerase, beta prime subunit",,,K398M (AAG→ATG),,,,,,,,,,,,,,,,,,,,,,,,,,0.79,,,,,1.00,,1.00,1.00,1.00
44182,NC_000913,"2,967,130",DEL,Δ1 bp,ptsP,,"PEP-protein phosphotransferase enzyme I, GAF domain containing protein",,,coding (1305/2247 nt),,,,,,,,,,,,,,,,,,,,,,,1.00,,,,,,,,,,,,
44183,NC_000913,"3,103,918",SNP,G→T,mutY,,adenine DNA glycosylase,,,V302V (GTG→GTT),,,,,,,,,,,,,,,,,1.00,,,,,,,,,,,,,,,,,,
44184,NC_000913,"1,907,242",MOB,IS5 (+) +4 bp,cspC,,"stress protein, member of the CspA-family",,,coding (191‑194/210 nt),0.43,,,,1.00,1.00,1.00,,,,1.00,,,,,,,,,,,,,,,,,,,,,,,,
44185,NC_000913,"2,967,417",SNP,G→A,ptsP,,"PEP-protein phosphotransferase enzyme I, GAF domain containing protein",,,Q340* (CAG→TAG),0.51,,,,,1.00,1.00,,,,1.00,,,,,,,,,,,,,,,,,,,,,,,,
44186,NC_000913,"3,442,896",SNP,A→T,secY,,preprotein translocase membrane subunit,,,F401Y (TTC→TAC),0.55,,,,1.00,1.00,1.00,,,,1.00,,,,,,,,,,,,,,,,,,,,,,,,
44187,NC_000913,"4,073,641",SNP,C→A,"yihU, yihV",,"3-sulpholactaldehyde (SLA) reductase, NADH-dependent, gamma-hydroxybutyrate dehydrogenase, NADH-dependent/6-deoxy-6-sulphofructose kinase",,,intergenic (‑70/‑98),,,,,,,,,,,,,,,,,,,,,1.00,,,,,,,,,,,,,,
44188,NC_000913,"2,967,312",SNP,G→A,ptsP,,"PEP-protein phosphotransferase enzyme I, GAF domain containing protein",,,Q375* (CAG→TAG),,,,,,,,,,,,,,,,,,,,,,,,,,,,,,,,1.00,,,
44189,NC_000913,"3,396,374",SNP,T→G,rng,,ribonuclease G,,,Q474H (CAA→CAC),,,,,,,,,,,,,,,,,,,,,,,,,,,,,,,,1.00,,,
44190,NC_000913,"4,184,805",SNP,C→A,rpoB,,"RNA polymerase, beta subunit",,,F1187L (TTC→TTA),,,,,,,,,,,,,,,,,,,,,,,,,,,,,,,,1.00,,,
44191,NC_000913,"1,907,562",MOB,IS1 (+) +9 bp,yobF,,DUF2527 family heat-induced protein,,,coding (22‑30/144 nt),0.45,1.00,1.00,1.00,,,,1.00,1.00,1.00,,1.00,,,,,,,,,,,,,,,,,,,,,,,
44192,NC_000913,"2,967,654",SNP,C→A,ptsP,,"PEP-protein phosphotransferase enzyme I, GAF domain containing protein",,,E261* (GAG→TAG),,,,,,,,,1.00,,,,,,,,,,,,,,,,,,,,,,,,,,
44193,NC_000913,"3,757,920",MOB,IS5 (+) +4 bp,"yiaY, selB",,L-threonine dehydrogenase/selenocysteinyl-tRNA-specific translation factor,,,intergenic (‑93/+94),,,,,,,,,1.00,,,,,,,,,,,,,,,,,,,,,,,,,,
44194,NC_000913,"4,184,800",SNP,G→A,rpoB,,"RNA polymerase, beta subunit",,,V1186M (GTG→ATG),0.33,,,1.00,,,,,1.00,,,,,,,,,,,,,,,,,,,,,,,,,,
44195,NC_000913,"526,792",SNP,A→C,rhsD,,"Rhs protein with DUF4329 family putative toxin domain, putative neighboring cell growth inhibitor",,,S1178R (AGC→CGC),,0.20,0.21,,,,,,,,,,,,,,,,,,,,,,,,0.21,,,,,,,,
44196,NC_000913,"526,800",SNP,A→G,rhsD,,"Rhs protein with DUF4329 family putative toxin domain, putative neighboring cell growth inhibitor",,,E1180E (GAA→GAG),,,,,,,,,,,,,,,,,,,,,,,,,,,0.20,,,,,,,,
43463,NC_000913,"4,296,380",INS,+C,"gltP, yjcO",,glutamate/aspartate:proton symporter/Sel1 family TPR-like repeat protein,,,intergenic (+586/+56),,0.93,,,,,,,,,,,,,,,,,,,,,,,,,,,,,,,,,
44199,NC_000913,"1,196,277",SNP,C→T,icd,,"isocitrate dehydrogenase, e14 prophage attachment site, tellurite reductase",,,N385N (AAC→AAT),,,,,,,,1.00,,1.00,,,,,,,,,,,,,,,,,,,,,,,,,
44200,NC_000913,"1,196,280",SNP,G→C,icd,,"isocitrate dehydrogenase, e14 prophage attachment site, tellurite reductase",,,A386A (GCG→GCC),,,,,,,,1.00,,,,,,,,,,,,,,,,,,,,,,,,,,,
44201,NC_000913,"1,196,283",SNP,A→G,icd,,"isocitrate dehydrogenase, e14 prophage attachment site, tellurite reductase",,,K387K (AAA→AAG),,,,,,,,1.00,,,,,,,,,,,,,,,,,,,,,,,,,,,
44202,NC_000913,"1,196,292",SNP,C→T,icd,,"isocitrate dehydrogenase, e14 prophage attachment site, tellurite reductase",,,T390T (ACC→ACT),,,,,,,,1.00,,,,,,,,,,,,,,,,,,,,,,,,,,,
44203,NC_000913,"1,196,304",SNP,G→A,icd,,"isocitrate dehydrogenase, e14 prophage attachment site, tellurite reductase",,,E394E (GAG→GAA),,,,,,,,1.00,,,,,,,,,,,,,,,,,,,,,,,,,,,
44204,NC_000913,"1,196,316",SNP,T→A,icd,,"isocitrate dehydrogenase, e14 prophage attachment site, tellurite reductase",,,D398E (GAT→GAA),,,,,,,,1.00,,,,,,,,,,,,,,,,,,,,,,,,,,,
44207,NC_000913,"1,621,022",SNP,C→A,eamA,,cysteine and O-acetyl-L-serine efflux system,,,R39L (CGC→CTC),,,,,,,,1.00,,1.00,,1.00,,,,,,,,,,,,,,,,,,,,,,,
43464,NC_000913,"4,296,380",INS,+G,"gltP, yjcO",,glutamate/aspartate:proton symporter/Sel1 family TPR-like repeat protein,,,intergenic (+586/+56),,0.93,,,,,,,,,,,,,,,,,,,,,,,,,,,,,,,,,
44216,NC_000913,"3,815,801",DEL,Δ1 bp,"pyrE, rph",,"orotate phosphoribosyltransferase/ribonuclease PH (defective),enzyme, Degradation of RNA, RNase PH",,,intergenic (‑33/+33),1.00,,,,,,,,,,,,,,,,,,,,,,,,,1.00,1.00,,,,,,,,
44218,NC_000913,"4,187,633",SNP,A→C,rpoC,,"RNA polymerase, beta prime subunit",,,N762H (AAC→CAC),,,,,,,,1.00,,1.00,,1.00,,,,,,,,,,,,,,,,,,,,,,,
44223,NC_000913,"1,756,457",INS,+A,pykF,,pyruvate kinase I,,,coding (760/1413 nt),,0.80,0.86,,,,,,,,,,,,,,,,,,,,,,,,,,,,,,,,
44226,NC_000913,"2,966,582",SNP,C→T,ptsP,,"PEP-protein phosphotransferase enzyme I, GAF domain containing protein",,,G618D (GGC→GAC),,0.80,0.84,,,,,,,,,,,,,,,,,,,,,,,,,,,,,,,,
44228,NC_000913,"1,353,327",SNP,C→T,sapD,,antimicrobial peptide ABC transporter ATPase,,,C101Y (TGT→TAT),,,,,,,,,,,,,,,,,,,,,,,,,,,,,1.00,,,,,,
44229,NC_000913,"4,183,621",SNP,G→C,rpoB,,"RNA polymerase, beta subunit",,,E793Q (GAA→CAA),,,,,,,,,,,,,,,,,,,,,,,,,,,,,1.00,,,,,,
44230,NC_000913,"1,352,926",SNP,C→A,sapD,,antimicrobial peptide ABC transporter ATPase,,,G235C (GGT→TGT),,,,,,,,,,,,,,,,,,,,,,,,,,,,,,1.00,,,,,
44231,NC_000913,"4,185,642",SNP,G→A,rpoC,,"RNA polymerase, beta prime subunit",,,R98H (CGC→CAC),,,,,,,,,,,,,,,,,,,,,,,,,,,0.95,,,1.00,,,,,
44232,NC_000913,"126,351",DEL,Δ1 bp,aceF,,"pyruvate dehydrogenase, dihydrolipoyltransacetylase component E2",,,coding (657/1893 nt),,,,,,,,,,,,,,0.25,,,,,,,,,,,,,,,,,,,,,
44233,NC_000913,"126,352",DEL,Δ1 bp,aceF,,"pyruvate dehydrogenase, dihydrolipoyltransacetylase component E2",,,coding (658/1893 nt),,,,,,,,,,,,,,0.23,,,,,,,,,,,,,,,,,,,,,
44234,NC_000913,"126,353",DEL,Δ1 bp,aceF,,"pyruvate dehydrogenase, dihydrolipoyltransacetylase component E2",,,coding (659/1893 nt),,,,,,,,,,,,,,0.26,,,,,,,,,,,,,,,,,,,,,
44235,NC_000913,"126,354",DEL,Δ1 bp,aceF,,"pyruvate dehydrogenase, dihydrolipoyltransacetylase component E2",,,coding (660/1893 nt),,,,,,,,,,,,,,0.26,,,,,,,,,,,,,,,,,,,,,
44236,NC_000913,"126,355",DEL,Δ1 bp,aceF,,"pyruvate dehydrogenase, dihydrolipoyltransacetylase component E2",,,coding (661/1893 nt),,,,,,,,,,,,,,0.26,,,,,,,,,,,,,,,,,,,,,
44237,NC_000913,"126,356",DEL,Δ1 bp,aceF,,"pyruvate dehydrogenase, dihydrolipoyltransacetylase component E2",,,coding (662/1893 nt),,,,,,,,,,,,,,0.26,,,,,,,,,,,,,,,,,,,,,
44238,NC_000913,"126,357",DEL,Δ1 bp,aceF,,"pyruvate dehydrogenase, dihydrolipoyltransacetylase component E2",,,coding (663/1893 nt),,,,,,,,,,,,,,0.24,,,,,,,,,,,,,,,,,,,,,
44239,NC_000913,"126,358",DEL,Δ1 bp,aceF,,"pyruvate dehydrogenase, dihydrolipoyltransacetylase component E2",,,coding (664/1893 nt),,,,,,,,,,,,,,0.31,,,,,,,,,,,,,,,,,,,,,
44240,NC_000913,"126,359",DEL,Δ9 bp,aceF,,"pyruvate dehydrogenase, dihydrolipoyltransacetylase component E2",,,coding (665‑673/1893 nt),,,,,,,,,,,,,,0.27,,,,,,,,,,,,,,,,,,,,,
44241,NC_000913,"158,169",SNP,C→A,pcnB,,poly(A) polymerase,,,A320S (GCC→TCC),,,,,,,,,,,,,,0.25,,,,,,,,,,,,,,,,,,,,,
44251,NC_000913,"1,756,664",SNP,G→T,pykF,,pyruvate kinase I,,,E323* (GAA→TAA),,,,,,,,,,,,,,0.73,,,,,,,,,,,,,,,,,,,,,
44253,NC_000913,"1,915,110",DEL,Δ204 bp,proQ,,"RNA chaperone, putative ProP translation regulator",,,coding (222‑425/699 nt),,,,,,,,,,,,,,0.84,,,,,,,,,,,,,,,,,,,,,
44255,NC_000913,"2,867,239",DEL,Δ1 bp,rpoS,,"RNA polymerase, sigma S (sigma 38) factor",,,coding (313/993 nt),,,,,,,,,,,,,,1.00,,,,,,,,,,,,,,,,,,,,,
44257,NC_000913,"3,049,604",MOB,IS5 (+) +4 bp,gcvT,,"aminomethyltransferase, tetrahydrofolate-dependent, subunit (T protein) of glycine cleavage complex",,,coding (1061‑1064/1095 nt),,,,,,,,,,,,,,1.00,,,,,,,,,,,,,,,,,,,,,
44262,NC_000913,"569,043",MOB,IS5 (–) +4 bp,ybcK,,"DLP12 prophage, putative recombinase",,,coding (142‑145/1527 nt),,,,,,,,,,,,,,,,,,,,,,,,,,,,,,,,,,1.00,
44263,NC_000913,"4,127,577",SNP,C→T,yiiX,,"putative lipid binding hydrolase, DUF830 family protein",,,T106T (ACG→ACA),,,,,,,,1.00,,,,,,,,,,,,,,,,,,,,,,,,,,,
44264,NC_000913,"1,695,705",SNP,T→G,uidA,,beta-D-glucuronidase,,,I123L (ATT→CTT),,,,,,,1.00,,,,,,,,,,,,,,,,,,,,,,,,,,,,
44265,NC_000913,"781,757",SNP,G→T,"lysQ, nadA",,"tRNA-Lys/quinolinate synthase, subunit A",,,intergenic (+105/‑328),,,,,,,,,,,,,,,,,,,,,,,,,,,,,,,,,1.00,,
44266,NC_000913,"4,480,504",SNP,T→G,yjgN,,DUF898 family inner membrane protein,,,S259A (TCT→GCT),,,,,,,,,,,,,,,,,,,,,,,,,,,,,,,,,1.00,,
44267,NC_000913,"2,052,181",MOB,IS5 (+) +4 bp,"yeeJ, yeeL",,"putative adhesin/pseudogene, glycosyltransferase homology",,,intergenic (+167/+92),,,,,1.00,,,,,,,,,,,,,,,,,,,,,,,,,,,,,,
44275,NC_000913,"2,967,727",DEL,Δ1 bp,ptsP,,"PEP-protein phosphotransferase enzyme I, GAF domain containing protein",,,coding (708/2247 nt),,,,,,,,,,,,,,,,,,,,,,,,,,1.00,,,,,,,,,
44277,NC_000913,"1,357,070",SNP,A→C,sapA,,antimicrobial peptide transport ABC transporter periplasmic binding protein,,,L14R (CTT→CGT),,,,,,,,,,,,,,,,,,,,,,,,,,,0.85,,,,,,,,
