Reference Seq,Position,Mutation Type,Sequence Change,Gene,Function,Product,GO Process,GO Component,Mut ID,Details,TEE Ara A0 F0 I1 R1,TEE Ara A1 F1 I1 R1,TEE Ara A1 F1 I2 R1,TEE Ara A1 F1 I3 R1,TEE Ara A2 F1 I1 R1,TEE Ara A2 F1 I2 R1,TEE Ara A2 F1 I3 R1,TEE Ara A3 F1 I1 R1,TEE Ara A3 F1 I2 R1,TEE Ara A3 F1 I3 R1,TEE Ara A4 F1 I1 R1,TEE Ara A4 F1 I2 R1,TEE Ara A4 F1 I3 R1,TEE Ara A5 F1 I1 R1,TEE Ara A5 F1 I2 R1,TEE Ara A5 F1 I3 R1
37969,REL606,"1,329,516",SNP,C→T,topA,,DNA topoisomerase I,,,H33Y (CAC→TAC),1.00,1.00,1.00,1.00,1.00,1.00,1.00,1.00,1.00,1.00,1.00,1.00,1.00,1.00,1.00,1.00
37970,REL606,"1,733,297",INS,(CGTATGAA)1→2,pykF,,pyruvate kinase,,,coding (333/1413 nt),1.00,1.00,1.00,1.00,1.00,1.00,1.00,1.00,1.00,1.00,1.00,1.00,1.00,1.00,1.00,1.00
37971,REL606,"2,193,779",SNP,G→T,yeiB,,conserved inner membrane protein,,,L143I (CTT→ATT),1.00,1.00,1.00,1.00,1.00,1.00,1.00,1.00,1.00,1.00,1.00,1.00,1.00,1.00,1.00,1.00
37972,REL606,"3,762,741",SNP,A→T,spoT,,"bifunctional (p)ppGpp synthetase II/ guanosine-3',5'-bis pyrophosphate 3'-pyrophosphohydrolase",,,K662I (AAA→ATA),1.00,1.00,1.00,1.00,1.00,1.00,1.00,1.00,1.00,1.00,1.00,1.00,1.00,1.00,1.00,1.00
37973,REL606,"3,875,632",INS,(T)7→8,"glmU, atpC",,bifunctional N-acetylglucosamine-1-phosphate uridyltransferase/glucosamine-1-phosphate acetyltransferase/F0F1 ATP synthase subunit epsilon,,,intergenic (‑66/+287),1.00,1.00,1.00,1.00,1.00,1.00,1.00,1.00,1.00,1.00,1.00,1.00,1.00,1.00,1.00,1.00
37974,REL606,"3,894,997",DEL,"Δ6,934 bp","rbsD, rbsA, rbsC, rbsB, rbsK, rbsR, [yieO]",,"rbsD, rbsA, rbsC, rbsB, rbsK, rbsR, [yieO]",,,IS150‑mediated,1.00,1.00,1.00,1.00,1.00,1.00,1.00,1.00,1.00,1.00,1.00,1.00,1.00,1.00,1.00,1.00
37975,REL606,"4,524,522",MOB,IS186 (+) +6 bp,fimA,,major type 1 subunit fimbrin (pilin),,,coding (494‑499/549 nt),1.00,1.00,1.00,1.00,1.00,1.00,1.00,1.00,1.00,1.00,1.00,1.00,1.00,1.00,1.00,1.00
38002,REL606,"3,893,551",INS,+G,"kup, insJ-5",,potassium transporter/IS150 hypothetical protein,,,intergenic (+6/‑50),,,,,,,,,,1.00,,,,,,
38050,REL606,"70,867",SNP,T→C,araA,,L-arabinose isomerase,,,D92G (GAC→GGC),1.00,1.00,1.00,1.00,1.00,1.00,1.00,1.00,1.00,1.00,1.00,1.00,1.00,1.00,1.00,1.00
38051,REL606,"648,509",SNP,C→T,mrdB,,cell wall shape-determining protein,,,R130H (CGC→CAC),,,,,,,,1.00,,,,,,,,
38052,REL606,"1,897,883",MOB,IS150 (+) +3 bp,yebT,,hypothetical protein,,,coding (1797‑1799/2634 nt),,,,,,,,1.00,,,,,,,,
38053,REL606,"3,616,794",AMP,129 bp x 2,bcsC,,cellulose synthase subunit,,,duplication,,,,,,,,1.00,,,,,,,,
38054,REL606,"4,100,708",SNP,T→A,hslU,,ATP-dependent protease ATP-binding subunit,,,I175F (ATC→TTC),,,,,,,,1.00,1.00,,,,,,,
38055,REL606,"4,453,503",SNP,A→C,mgtA,,magnesium transporter,,,S868R (AGC→CGC),,,,,,,,1.00,,,,,,,,
38056,REL606,"474,258",DEL,Δ84 bp,ybaL,,predicted transporter with NAD(P)-binding Rossmann-fold domain,,,coding (965‑1048/1677 nt),,,,,,,,,,,,,,,,1.00
38057,REL606,"648,582",SNP,C→A,mrdB,,cell wall shape-determining protein,,,G106C (GGT→TGT),,,,,,,,,,,,,,,,1.00
38058,REL606,"3,015,771",MOB,IS150 (–) +3 bp,ECB_02816,,KpsD protein,,,coding (1192‑1194/1677 nt),,,,,,,,,,,,,,,,1.00
38059,REL606,"3,556,499",SNP,C→A,yhhJ,,predicted transporter subunit: membrane component of ABC superfamily,,,A331A (GCG→GCT),,,,,,,,,,,,,,,,1.00
38060,REL606,"4,202,412",SNP,C→T,iclR,,DNA-binding transcriptional repressor,,,A50T (GCG→ACG),,,,,,,,,,,,,,,,1.00
38061,REL606,"1,298,712",SNP,T→G,"ychE, oppA",,predicted inner membrane protein/oligopeptide transporter subunit,,,intergenic (+674/‑64),,,,,,,,,,,,,,1.00,,
38062,REL606,"2,177,328",SNP,T→G,yohD,,conserved inner membrane protein,,,I97S (ATT→AGT),,,,,,,,,,,,,,1.00,,
38063,REL606,"3,326,294",SNP,T→G,mreD,,cell wall structural complex MreBCD transmembrane component MreD,,,Q158P (CAG→CCG),,,,,,,,,,,,,,1.00,,
38064,REL606,"3,571,196",MOB,IS3 (–) +3 bp :: +TCA,uspA,,universal stress global response regulator,,,coding (397‑399/435 nt),,,,,,,,,,,,,,1.00,,
38065,REL606,"4,163,314",SNP,A→C,rpoB,,DNA-directed RNA polymerase subunit beta,,,E820A (GAG→GCG),,,,,,,,,,,,,,1.00,,
38066,REL606,"430,855",DEL,Δ1 bp,"insL-2, lon",,putative transposase insL for insertion sequence IS186/DNA-binding ATP-dependent protease La,,,intergenic (‑68/‑88),,,,,,,,,,,,1.00,,,,
38067,REL606,"650,776",SNP,T→C,mrdA,,transpeptidase involved in peptidoglycan synthesis (penicillin-binding protein 2),,,D9G (GAC→GGC),,,,,,,,,,,,1.00,,,,
38068,REL606,"1,919,559",SNP,T→C,yebA,,predicted peptidase,,,Q197R (CAG→CGG),,,,,,,,,,,,1.00,,,,
38069,REL606,"2,165,715",SNP,T→G,yehU,,predicted sensory kinase in two-component system with YehT,,,K43Q (AAA→CAA),,,,,,,,,,,,1.00,,,,
38070,REL606,"3,249,687",SNP,G→T,infB,,translation initiation factor IF-2,,,P521Q (CCG→CAG),,,,,,,,,,,,1.00,,,,
38071,REL606,"4,202,301",SNP,G→A,iclR,,DNA-binding transcriptional repressor,,,H87Y (CAT→TAT),,,,,,,,,,,,1.00,,,,
38072,REL606,"674,764",SNP,G→A,ybeZ,,predicted protein with nucleoside triphosphate hydrolase domain,,,A250V (GCG→GTG),,1.00,,,,,,,,,,,,,,
38073,REL606,"1,172,194",SNP,C→T,"ycfH, ptsG",,predicted metallodependent hydrolase/fused glucose-specific PTS enzymes: IIB component/IIC component,,,intergenic (+51/‑244),,1.00,,,,,,,,,,,,,,
38074,REL606,"1,391,547",SNP,C→A,"ycjZ, mppA",,predicted DNA-binding transcriptional regulator/murein tripeptide (L-ala-gamma-D-glutamyl-meso-DAP) transporter subunit,,,intergenic (+288/‑49),,1.00,,,,,,,,,,,,,,
38075,REL606,"3,252,674",SNP,G→T,nusA,,transcription elongation factor NusA,,,S29R (AGC→AGA),,1.00,,,,,,,,,,,,,,
38076,REL606,"3,290,621",INS,+A,gltB,,"glutamate synthase, large subunit",,,coding (755/4554 nt),,1.00,,,,,,,,,,,,,,
38077,REL606,"4,111,791",DEL,Δ4 bp,metL,,bifunctional aspartate kinase II/homoserine dehydrogenase II,,,coding (1850‑1853/2433 nt),,1.00,,,,,,,,,,,,,,
38078,REL606,"547,700",DEL,"Δ13,563 bp","[nmpC], ybcR, ybcS, ybcT, ybcU, ECB_00510, nohB, ECB_00512, ECB_00513, ECB_00514, ECB_00515, ECB_00516, ECB_00517, appY, ompT",,"[nmpC], ybcR, ybcS, ybcT, ybcU, ECB_00510, nohB, ECB_00512, ECB_00513, ECB_00514, ECB_00515, ECB_00516, ECB_00517, appY, ompT",,,IS1‑mediated,,,,,1.00,,,,,,,,,,,
38079,REL606,"1,409,784",DEL,"Δ32,853 bp","[intR], xisR, ydaC, lar, recT, recE, racC, ydaE, kil, sieB, ydaF, ydaG, ECB_01334, ECB_01335, ECB_01336, ydfQ, rzpR, trkG, ynaK, ECB_01341, ECB_01342, ECB_01343, ECB_01344, pinR, ynaE, ynaF, ompN, ydbK, ydbJ, hslJ, ldhA, ydbH, ynbE, ydbL, feaR, feaB, tynA",,"<i><b>37 genes</b><BR>[intR], xisR, ydaC, lar, recT, recE, racC, ydaE, kil, sieB, ydaF, ydaG, ECB_01334, ECB_01335, ECB_01336, ydfQ, rzpR, trkG, ynaK, ECB_01341, ECB_01342, ECB_01343, ECB_01344, pinR, ynaE, ynaF, ompN, ydbK, ydbJ, hslJ, ldhA, ydbH, ynbE, ydbL, feaR, feaB, tynA</i>",,,IS3‑mediated,,,,,1.00,,,,,,,,,,,
38080,REL606,"3,749,363",SNP,C→T,mutM,,formamidopyrimidine-DNA glycosylase,,,V49M (GTG→ATG),,,,,1.00,,,,,,,,,,,
38081,REL606,"4,100,668",SNP,G→T,hslU,,ATP-dependent protease ATP-binding subunit,,,A188D (GCT→GAT),,,,,1.00,,,,,,,,,,,
38082,REL606,"4,141,573",SNP,T→G,yijC,,DNA-binding transcriptional repressor,,,W216G (TGG→GGG),,,,,1.00,,,,,,,,,,,
38083,REL606,"4,615,675",MOB,IS150 (–) +3 bp,nadR,,nicotinamide-nucleotide adenylyltransferase,,,coding (147‑149/1233 nt),,,,,1.00,,,,,,,,,,,
38084,REL606,"45,361",SNP,A→C,caiT,,L-carnitine/gamma-butyrobetaine antiporter,,,V255G (GTA→GGA),,,,,,,,,,,1.00,,,,,
38085,REL606,"474,188",AMP,180 bp x 2,ybaL,,predicted transporter with NAD(P)-binding Rossmann-fold domain,,,duplication,,,,,,,,,,,1.00,,,,,
38086,REL606,"649,601",SNP,T→G,mrdA,,transpeptidase involved in peptidoglycan synthesis (penicillin-binding protein 2),,,I401L (ATC→CTC),,,,,,,,,,,1.00,,,,,
38087,REL606,"887,917",AMP,"46,065 bp x 2","[ECB_00825], ECB_00826, ECB_00827, ECB_00828, ECB_00829, ECB_00830, ECB_00831, ECB_00832, ECB_00833, ECB_00834, ECB_00835, ECB_00836, ECB_00837, ECB_00838, ECB_00839, ECB_00840, ECB_00841, ECB_00842, ECB_00843, ECB_00844, ECB_00845, ECB_00846, tfaE, ECB_00848, ECB_00849, ECB_00850, ECB_00851, ybjL, ybjM, grxA, ybjC, nfsA, rimK, ybjN, potF, potG, potH, potI, ybjO, ybjF, artJ, artM, artQ, artI, artP, ybjP, ybjQ, ybjR, ybjS, ybjT, ltaE, poxB, hcr, hcp, ybjE, aqpZ, [ybjD]",,"<i><b>57 genes</b><BR>[ECB_00825], ECB_00826, ECB_00827, ECB_00828, ECB_00829, ECB_00830, ECB_00831, ECB_00832, ECB_00833, ECB_00834, ECB_00835, ECB_00836, ECB_00837, ECB_00838, ECB_00839, ECB_00840, ECB_00841, ECB_00842, ECB_00843, ECB_00844, ECB_00845, ECB_00846, tfaE, ECB_00848, ECB_00849, ECB_00850, ECB_00851, ybjL, ybjM, grxA, ybjC, nfsA, rimK, ybjN, potF, potG, potH, potI, ybjO, ybjF, artJ, artM, artQ, artI, artP, ybjP, ybjQ, ybjR, ybjS, ybjT, ltaE, poxB, hcr, hcp, ybjE, aqpZ, [ybjD]</i>",,,duplication,,,,,,,,,,,1.00,,,,,
38088,REL606,"2,032,221",DEL,"Δ23,219 bp","[manB], manC, insB-14, insA-14, wbbD, wbbC, wzy, wbbB, wbbA, vioB, vioA, wzx, rmlC, rfbA, rfbD, rfbB, galF, wcaM, wcaL, wcaK, wzxC, wcaJ, [cpsG]",,"<i><b>23 genes</b><BR>[manB], manC, insB-14, insA-14, wbbD, wbbC, wzy, wbbB, wbbA, vioB, vioA, wzx, rmlC, rfbA, rfbD, rfbB, galF, wcaM, wcaL, wcaK, wzxC, wcaJ, [cpsG]</i>",,,,,,,,,,,,,,1.00,,,,,
38089,REL606,"2,713,428",AMP,"60,769 bp x 2","[serV], csrA, alaS, recX, recA, ygaD, mltB, srlA, srlE, srlB, srlD, gutM, srlR, gutQ, ygaA, norV, ygbD, hypF, hydN, ascG, ascF, ascB, hycI, hycH, hycG, hycF, hycE, hycD, hycC, hycB, hycA, hypA, hypB, hypC, hypD, hypE, fhlA, ygbA, mutS, pphB, ygbI, ygbJ, ygbK, ygbL, ygbM, ygbN, rpoS, nlpD, pcm, surE, ygbO, ispF, ispD, ftsB, ygbE, cysC, cysN, cysD, iap, insL-5",,"<i><b>60 genes</b><BR>[serV], csrA, alaS, recX, recA, ygaD, mltB, srlA, srlE, srlB, srlD, gutM, srlR, gutQ, ygaA, norV, ygbD, hypF, hydN, ascG, ascF, ascB, hycI, hycH, hycG, hycF, hycE, hycD, hycC, hycB, hycA, hypA, hypB, hypC, hypD, hypE, fhlA, ygbA, mutS, pphB, ygbI, ygbJ, ygbK, ygbL, ygbM, ygbN, rpoS, nlpD, pcm, surE, ygbO, ispF, ispD, ftsB, ygbE, cysC, cysN, cysD, iap, insL-5</i>",,,duplication,,,,,,,,,,,1.00,,,,,
38090,REL606,"3,015,324",MOB,IS150 (–) +3 bp,ECB_02816,,KpsD protein,,,coding (745‑747/1677 nt),,,,,,,,,,,1.00,,,,,
38091,REL606,"733,197",MOB,IS1 (+) +9 bp,ybgD,,predicted fimbrial-like adhesin protein,,,coding (382‑390/567 nt),,,,,,,,,1.00,,,,,,,
38092,REL606,"4,202,221",SNP,C→A,iclR,,DNA-binding transcriptional repressor,,,M113I (ATG→ATT),,,,,,,,,1.00,,,,,,,
38093,REL606,"570,436",DEL,"Δ19,119 bp","ECB_00526, ECB_00527, ECB_00528, ECB_00529, ECB_00530, cusS, cusR, cusC, ylcC, cusB, cusA, pheP, ybdG, nfnB, ybdF, ybdJ, ybdK, insJ-1, [insK-1]",,"<i><b>19 genes</b><BR>ECB_00526, ECB_00527, ECB_00528, ECB_00529, ECB_00530, cusS, cusR, cusC, ylcC, cusB, cusA, pheP, ybdG, nfnB, ybdF, ybdJ, ybdK, insJ-1, [insK-1]</i>",,,IS1‑mediated,,,1.00,,,,,,,,,,,,,
38094,REL606,"1,166,598",SNP,G→A,fabF,,3-oxoacyl-(acyl carrier protein) synthase,,,G31S (GGT→AGT),,,1.00,,,,,,,,,,,,,
38095,REL606,"3,250,993",SNP,G→A,infB,,translation initiation factor IF-2,,,R86C (CGC→TGC),,,1.00,,,,,,,,,,,,,
38096,REL606,"3,253,264",DEL,(A)7→6,"yhbC, metZ",,hypothetical protein/tRNA-Met,,,intergenic (‑24/+183),,,1.00,,,,,,,,,,,,,
38097,REL606,"3,290,071",INS,+CC,gltB,,"glutamate synthase, large subunit",,,coding (205/4554 nt),,,1.00,,,,,,,,,,,,,
38098,REL606,"169,199",SNP,T→G,mrcB,,penicillin-binding protein 1b,,,L540R (CTG→CGG),,,,,,,,,,,,,,,1.00,
38099,REL606,"2,943,394",SNP,T→C,serA,,D-3-phosphoglycerate dehydrogenase,,,K256K (AAA→AAG),,,,,,,,,,,,,,,1.00,
38100,REL606,"3,024,713",DEL,"Δ32,256 bp","[ECB_02825], ECB_02826, ECB_02827, ECB_02828, yghD, yghE, ECB_02831, ECB_02832, ECB_02833, ECB_02834, ECB_02835, ECB_02836, ECB_02837, ECB_02838, yghF, yghG, pppA, yghJ, yghK, glcB, glcG, glcF, glcE, glcD, glcC, [yghO]",,"<i><b>26 genes</b><BR>[ECB_02825], ECB_02826, ECB_02827, ECB_02828, yghD, yghE, ECB_02831, ECB_02832, ECB_02833, ECB_02834, ECB_02835, ECB_02836, ECB_02837, ECB_02838, yghF, yghG, pppA, yghJ, yghK, glcB, glcG, glcF, glcE, glcD, glcC, [yghO]</i>",,,IS1‑mediated,,,,,,,,,,,,,,,1.00,
38101,REL606,"3,251,062",SNP,G→T,infB,,translation initiation factor IF-2,,,R63S (CGT→AGT),,,,,,,,,,,,,,,1.00,
38102,REL606,"3,327,641",SNP,T→C,mreC,,cell wall structural complex MreBCD transmembrane component MreC,,,N77D (AAC→GAC),,,,,,,,,,,,,,,1.00,
38103,REL606,"4,194,810",SNP,G→T,"metA, aceB",,homoserine O-succinyltransferase/malate synthase,,,intergenic (+156/‑113),,,,,,,,,,,,,,,1.00,
38104,REL606,"651,717",MOB,IS150 (+) +3 bp,"ybeB, phpB",,hypothetical protein/predicted alpha-ribazole-5'-P phosphatase,,,intergenic (‑97/+161),,,,,,,1.00,,,,,,,,,
38105,REL606,"1,551,735",MOB,IS150 (–) +3 bp,yddA,,fused predicted multidrug transporter subunits of ABC superfamily: membrane component/ATP-binding component,,,coding (1557‑1559/1686 nt),,,,,,,1.00,,,,,,,,,
38106,REL606,"1,886,006",SNP,C→A,cspC,,"stress protein, member of the CspA-family",,,K3N (AAG→AAT),,,,,,,1.00,,,,,,,,,
38107,REL606,"4,508,288",DEL,(GACT)2→1,sgcQ,,predicted nucleoside triphosphatase,,,coding (765‑768/807 nt),,,,,,,1.00,,,,,,,,,
38108,REL606,"4,615,841",DEL,Δ2 bp,nadR,,nicotinamide-nucleotide adenylyltransferase,,,coding (313‑314/1233 nt),,,,,,,1.00,,,,,,,,,
38109,REL606,"430,834",SNP,G→T,"insL-2, lon",,putative transposase insL for insertion sequence IS186/DNA-binding ATP-dependent protease La,,,intergenic (‑47/‑109),,,,,,1.00,,,,,,,,,,
38110,REL606,"1,460,928",DEL,"Δ5,906 bp","cybB, ydcA, hokB, mokB, trg, ydcI, ydcJ",,"cybB, ydcA, hokB, mokB, trg, ydcI, ydcJ",,,IS1‑mediated,,,,,,1.00,,,,,,,,,,
38111,REL606,"1,700,735",SNP,C→A,ydhK,,conserved inner membrane protein,,,S474Y (TCT→TAT),,,,,,1.00,,,,,,,,,,
38112,REL606,"3,027,699",MOB,+TGA :: IS3 (+) +3 bp,ECB_02828,,Polysialic acid transport protein kpsM,,,coding (761‑763/777 nt),,,,,,1.00,,,,,,,,,,
38113,REL606,"3,328,275",SNP,T→C,mreB,,"cell wall structural complex MreBCD, actin-like component MreB",,,E235G (GAA→GGA),,,,,,1.00,,,,,,,,,,
38114,REL606,"4,615,669",MOB,ISRSO11 (–) +3 bp,nadR,,nicotinamide-nucleotide adenylyltransferase,,,coding (141‑143/1233 nt),,,,,,1.00,,,,,,,,,,
38115,REL606,"1,332,148",DEL,(T)6→5,"topA, cysB",,"DNA topoisomerase I/DNA-binding transcriptional dual regulator, O-acetyl-L-serine-binding",,,intergenic (+131/‑79),,,,,,,,,,,,,1.00,,,
38116,REL606,"2,563,587",INS,+CTA,yfgA,,hypothetical protein,,,coding (77/1014 nt),,,,,,,,,,,,,1.00,,,
38117,REL606,"3,928,601",SNP,A→G,rho,,transcription termination factor Rho,,,N129D (AAC→GAC),,,,,,,,,,,,,1.00,,,
38118,REL606,"61,532",MOB,IS150 (–) +3 bp,"imp, djlA",,organic solvent tolerance protein precursor/Dna-J like membrane chaperone protein,,,intergenic (‑228/‑25),,,,,,,,,,1.00,,,,,,
38119,REL606,"474,424",SNP,A→C,ybaL,,predicted transporter with NAD(P)-binding Rossmann-fold domain,,,D294E (GAT→GAG),,,,,,,,,,1.00,,,,,,
38120,REL606,"600,568",MOB,IS150 (+) +3 bp,entF,,"enterobactin synthase multienzyme complex component, ATP-dependent",,,coding (3704‑3706/3882 nt),,,,,,,,,,1.00,,,,,,
38121,REL606,"1,429,352",SNP,A→C,ydbK,,fused predicted pyruvate-flavodoxin oxidoreductase: conserved protein/conserved protein/FeS binding protein,,,F1013L (TTT→TTG),,,,,,,,,,1.00,,,,,,
38122,REL606,"2,448,493",MOB,IS186 (–) +6 bp,"nupC, yfeA",,nucleoside (except guanosine) transporter/predicted diguanylate cyclase,,,intergenic (+24/+21),,,,,,,,,,1.00,,,,,,
38123,REL606,"2,655,781",MOB,IS150 (–) +3 bp,yfiH,,hypothetical protein,,,coding (660‑662/732 nt),,,,,,,,,,1.00,,,,,,
38124,REL606,"4,100,513",SNP,T→G,hslU,,ATP-dependent protease ATP-binding subunit,,,K240Q (AAG→CAG),,,,,,,,,,1.00,,,,,,
38125,REL606,"209,478",SNP,T→G,dnaE,,DNA polymerase III subunit alpha,,,V504G (GTC→GGC),,,,1.00,,,,,,,,,,,,
38126,REL606,"869,677",INS,+TAA,yliG,,predicted SAM-dependent methyltransferase,,,coding (911/1326 nt),,,,1.00,,,,,,,,,,,,
38127,REL606,"3,251,868",SNP,A→T,nusA,,transcription elongation factor NusA,,,V298E (GTG→GAG),,,,1.00,,,,,,,,,,,,
38128,REL606,"3,761,934",SNP,C→T,spoT,,"bifunctional (p)ppGpp synthetase II/ guanosine-3',5'-bis pyrophosphate 3'-pyrophosphohydrolase",,,P393L (CCG→CTG),,,,1.00,,,,,,,,,,,,
