Reference Seq,Position,Mutation Type,Sequence Change,Gene,Function,Product,GO Process,GO Component,Mut ID,Details,TEE A0 F0 I1 R1,TEE A1 F1 I1 R1,TEE A1 F1 I2 R1,TEE A1 F1 I3 R1,TEE A2 F1 I1 R1,TEE A2 F1 I2 R1,TEE A2 F1 I3 R1,TEE A3 F1 I1 R1,TEE A3 F1 I2 R1,TEE A3 F1 I3 R1,TEE A4 F1 I1 R1,TEE A4 F1 I2 R1,TEE A4 F1 I3 R1,TEE A5 F1 I1 R1,TEE A5 F1 I2 R1,TEE A5 F1 I3 R1
38016,REL606,"2,801,811",INS,+A,relA,,(p)ppGpp synthetase I/GTP pyrophosphokinase,,,coding (769/2235 nt),,,1.00,,,,,,,,,,,,,
38017,REL606,"4,110,237",MOB,IS150 (–) +3 bp,metL,,bifunctional aspartate kinase II/homoserine dehydrogenase II,,,coding (296‑298/2433 nt),,,1.00,,,,,,,,,,,,,
38018,REL606,"590,472",DEL,"Δ18,993 bp","hokE, insL-3, entD, fepA, fes, ybdZ, entF, fepE, fepC, fepG, fepD, ybdA, fepB, entC, [entE]",,"hokE, insL-3, entD, fepA, fes, ybdZ, entF, fepE, fepC, fepG, fepD, ybdA, fepB, entC, [entE]",,,IS150‑mediated,,,,,,,,,,,,,,,1.00,
38019,REL606,"1,701,686",SNP,T→A,sodC,,"superoxide dismutase, Cu, Zn",,,D55V (GAT→GTT),,,,,,,,,,,,,,,1.00,
38020,REL606,"3,872,437",SNP,T→A,glmS,,D-fructose-6-phosphate amidotransferase,,,N533I (AAC→ATC),,,,,,,,,,,,,,,1.00,
38021,REL606,"3,893,550",DEL,Δ1 bp,"kup, insJ-5",,potassium transporter/IS150 hypothetical protein,,,intergenic (+5/‑51),,,,,,,,,,,,,,,1.00,
38022,REL606,"4,201,937",SNP,C→T,iclR,,DNA-binding transcriptional repressor,,,G208D (GGT→GAT),,,,,,,,,,,,,,,1.00,
38023,REL606,"4,266,390",SNP,C→A,"acs, nrfA",,"acetyl-coenzyme A synthetase/nitrite reductase, formate-dependent, cytochrome",,,intergenic (‑86/‑307),,,,,,,,,,,,,,,1.00,
38024,REL606,"1,160,894",SNP,G→A,maf,,Maf-like protein,,,Q91* (CAA→TAA),,,,,,,1.00,,,,,,,,,
38025,REL606,"3,290,039",INS,(TAGAAGGCGAACCTAGCCACAA)1→2,gltB,,"glutamate synthase, large subunit",,,coding (173/4554 nt),,,,,,,1.00,,,,,,,,,
38026,REL606,"3,421,912",SNP,A→C,"yhfC, nirB",,"hypothetical protein/nitrite reductase, large subunit, NAD(P)H-binding",,,intergenic (+258/‑4),,,,,,,1.00,,,,,,,,,
38027,REL606,"3,485,862",SNP,G→A,rtcB,,hypothetical protein,,,A273V (GCG→GTG),,,,,,,1.00,,,,,,,,,
38028,REL606,"4,141,016",SNP,C→A,yijC,,DNA-binding transcriptional repressor,,,T30N (ACC→AAC),,,,,,,1.00,,,,,,,,,
38029,REL606,"4,616,236",INS,(GTTCTTTGTACGTACCGTGGCGATC)1→2,nadR,,nicotinamide-nucleotide adenylyltransferase,,,coding (708/1233 nt),,,,,,,1.00,,,,,,,,,
38030,REL606,"429,505",DEL,"Δ1,350 bp",insL-2,,insL-2,,,,,,,,,1.00,,,,,,,,,,
38031,REL606,"651,290",SNP,G→A,ybeA,,hypothetical protein,,,Q4* (CAA→TAA),,,,,,1.00,,,,,,,,,,
38032,REL606,"1,270,660",MOB,IS150 (–) +4 bp,"ldrC, chaA",,"toxic polypeptide, small/calcium/sodium:proton antiporter",,,intergenic (‑167/+235),,,,,,1.00,,,,,,,,,,
38033,REL606,"1,803,859",MOB,IS1 (+) +8 bp,astE,,succinylglutamate desuccinylase,,,coding (323‑330/969 nt),,,,,,1.00,,,,,,,,,,
38034,REL606,"2,842,087",DEL,Δ220 bp,"metW, metV",,"metW, metV",,,,,,,,,1.00,,,,,,,,,,
38035,REL606,"3,242,832",SNP,A→T,deaD,,ATP-dependent RNA helicase,,,V88E (GTA→GAA),,,,,,1.00,,,,,,,,,,
38036,REL606,"3,484,091",SNP,A→G,malT,,transcriptional regulator MalT,,,N803D (AAT→GAT),,,,,,1.00,,,,,,,,,,
38037,REL606,"649,897",SNP,G→A,mrdA,,transpeptidase involved in peptidoglycan synthesis (penicillin-binding protein 2),,,S302F (TCC→TTC),,,,,,,,,,,,,1.00,,,
38038,REL606,"917,978",SNP,T→A,artM,,arginine transporter subunit,,,S88S (TCA→TCT),,,,,,,,,,,,,1.00,,,
38039,REL606,"1,136,030",MOB,IS150 (+) +3 bp,dinI,,DNA damage-inducible protein I,,,coding (28‑30/246 nt),,,,,,,,,,,,,1.00,,,
38040,REL606,"2,268,951",SNP,T→G,atoC,,"fused response regulator of ato operon, in two-component system with AtoS: response regulator/sigma54 interaction protein",,,I129S (ATC→AGC),,,,,,,,,,,,,1.00,,,
38041,REL606,"2,322,182",SNP,C→T,menC,,O-succinylbenzoate synthase,,,L98L (TTG→TTA),,,,,,,,,,,,,1.00,,,
38042,REL606,"3,014,162",SNP,A→G,ECB_02815,,Capsule polysaccharide export inner-membrane protein kpsE,,,N248S (AAC→AGC),,,,,,,,,,,,,1.00,,,
38043,REL606,"4,099,938",INS,+AAC,hslU,,ATP-dependent protease ATP-binding subunit,,,coding (1293/1332 nt),,,,,,,,,,,,,1.00,,,
38044,REL606,"3,328,012",SNP,T→C,mreB,,"cell wall structural complex MreBCD, actin-like component MreB",,,T323A (ACC→GCC),,,,,,,,,,1.00,,,,,,
38045,REL606,"4,100,056",SNP,G→A,hslU,,ATP-dependent protease ATP-binding subunit,,,A392V (GCT→GTT),,,,,,,,,,1.00,,,,,,
38046,REL606,"475,353",MOB,IS1 (–) +9 bp,"ybaL, fsr",,predicted transporter with NAD(P)-binding Rossmann-fold domain/predicted fosmidomycin efflux system,,,intergenic (‑48/+182),,,,1.00,,,,,,,,,,,,
38047,REL606,"3,250,710",AMP,590 bp x 2,"[infB], [nusA]",,"[infB], [nusA]",,,duplication,,,,1.00,,,,,,,,,,,,
38048,REL606,"3,289,962",INS,(ATATG)1→2,gltB,,"glutamate synthase, large subunit",,,coding (96/4554 nt),,,,1.00,,,,,,,,,,,,
38049,REL606,"4,163,665",SNP,A→G,rpoB,,DNA-directed RNA polymerase subunit beta,,,D937G (GAT→GGT),,,,1.00,,,,,,,,,,,,
37966,REL606,"390,044",SNP,C→A,proY,,predicted cryptic proline transporter,,,Y212* (TAC→TAA),,,,,,,,1.00,,,,,,,,
37967,REL606,"475,127",SNP,A→T,ybaL,,predicted transporter with NAD(P)-binding Rossmann-fold domain,,,L60Q (CTG→CAG),,,,,,,,1.00,,,,,,,,
37968,REL606,"979,556",SNP,T→C,rpsA,,30S ribosomal protein S1,,,I157T (ATC→ACC),,,,,,,,1.00,,,,,,,,
37969,REL606,"1,329,516",SNP,C→T,topA,,DNA topoisomerase I,,,H33Y (CAC→TAC),1.00,1.00,1.00,1.00,1.00,1.00,1.00,1.00,1.00,1.00,1.00,1.00,1.00,1.00,1.00,1.00
37970,REL606,"1,733,297",INS,(CGTATGAA)1→2,pykF,,pyruvate kinase,,,coding (333/1413 nt),1.00,1.00,1.00,1.00,1.00,1.00,1.00,1.00,1.00,1.00,1.00,1.00,1.00,1.00,1.00,1.00
37971,REL606,"2,193,779",SNP,G→T,yeiB,,conserved inner membrane protein,,,L143I (CTT→ATT),1.00,1.00,1.00,1.00,1.00,1.00,1.00,1.00,1.00,1.00,1.00,1.00,1.00,1.00,1.00,1.00
37972,REL606,"3,762,741",SNP,A→T,spoT,,"bifunctional (p)ppGpp synthetase II/ guanosine-3',5'-bis pyrophosphate 3'-pyrophosphohydrolase",,,K662I (AAA→ATA),1.00,1.00,1.00,1.00,1.00,1.00,1.00,1.00,1.00,1.00,1.00,1.00,1.00,1.00,1.00,1.00
37973,REL606,"3,875,632",INS,(T)7→8,"glmU, atpC",,bifunctional N-acetylglucosamine-1-phosphate uridyltransferase/glucosamine-1-phosphate acetyltransferase/F0F1 ATP synthase subunit epsilon,,,intergenic (‑66/+287),1.00,1.00,1.00,1.00,1.00,1.00,1.00,1.00,1.00,1.00,1.00,1.00,1.00,1.00,1.00,1.00
37974,REL606,"3,894,997",DEL,"Δ6,934 bp","rbsD, rbsA, rbsC, rbsB, rbsK, rbsR, [yieO]",,"rbsD, rbsA, rbsC, rbsB, rbsK, rbsR, [yieO]",,,IS150‑mediated,1.00,1.00,1.00,1.00,1.00,1.00,1.00,1.00,1.00,1.00,1.00,1.00,1.00,1.00,1.00,1.00
37975,REL606,"4,524,522",MOB,IS186 (+) +6 bp,fimA,,major type 1 subunit fimbrin (pilin),,,coding (494‑499/549 nt),1.00,1.00,1.00,1.00,1.00,1.00,1.00,1.00,1.00,1.00,1.00,1.00,1.00,1.00,1.00,1.00
37976,REL606,"474,599",MOB,IS150 (–) +3 bp,ybaL,,predicted transporter with NAD(P)-binding Rossmann-fold domain,,,coding (705‑707/1677 nt),,,,,,,,,,,,,,,,1.00
37977,REL606,"1,098,907",DEL,"Δ3,357 bp","[ycdO], ycdB, [phoH]",,"[ycdO], ycdB, [phoH]",,,,,,,,,,,,,,,,,,,1.00
37978,REL606,"3,327,191",SNP,C→T,mreC,,cell wall structural complex MreBCD transmembrane component MreC,,,G227S (GGT→AGT),,,,,,,,,,,,,,,,1.00
37979,REL606,"4,201,988",SNP,A→T,iclR,,DNA-binding transcriptional repressor,,,L191Q (CTG→CAG),,,,,,,,,,,,,,,,1.00
37980,REL606,"4,264,261",SNP,C→T,"yjcH, acs",,conserved inner membrane protein involved in acetate transport/acetyl-coenzyme A synthetase,,,intergenic (‑115/+85),,,,,,,,,,,,,,,,1.00
37981,REL606,"3,015,771",MOB,IS150 (+) +3 bp,ECB_02816,,KpsD protein,,,coding (1192‑1194/1677 nt),,,,,,,,,,,,,,1.00,,
37982,REL606,"3,329,009",SNP,A→T,"mreB, yhdA",,"cell wall structural complex MreBCD, actin-like component MreB/conserved inner membrane protein",,,intergenic (‑31/+274),,,,,,,,,,,,,,1.00,,
37983,REL606,"3,368,985",SNP,A→C,rpsD,,30S ribosomal protein S4,,,L199R (CTG→CGG),,,,,,,,,,,,,,1.00,,
37984,REL606,"4,195,128",SNP,A→C,aceB,,malate synthase,,,E69A (GAA→GCA),,,,,,,,,,,,,,1.00,,
37985,REL606,"664,687",DEL,"Δ1,446 bp","insJ-2, insK-2, [gltL]",,"insJ-2, insK-2, [gltL]",,,IS150‑mediated,,,,,,,,,,,,1.00,,,,
37986,REL606,"1,883,312",DEL,Δ1 bp,manZ,,mannose-specific enzyme IID component of PTS,,,coding (848/861 nt),,,,,,,,,,,,1.00,,,,
37987,REL606,"2,563,552",SNP,A→C,yfgA,,hypothetical protein,,,C38G (TGC→GGC),,,,,,,,,,,,1.00,,,,
37988,REL606,"2,749,997",MOB,IS150 (–) +3 bp,fhlA,,DNA-binding transcriptional activator,,,coding (800‑802/2079 nt),,,,,,,,,,,,1.00,,,,
37989,REL606,"2,749,997",AMP,"25,881 bp x 2","[fhlA], ygbA, mutS, pphB, ygbI, ygbJ, ygbK, ygbL, ygbM, ygbN, rpoS, nlpD, pcm, surE, ygbO, ispF, ispD, ftsB, ygbE, cysC, cysN, cysD, iap, insL-5, insK-3, insJ-3",,"<i><b>26 genes</b><BR>[fhlA], ygbA, mutS, pphB, ygbI, ygbJ, ygbK, ygbL, ygbM, ygbN, rpoS, nlpD, pcm, surE, ygbO, ispF, ispD, ftsB, ygbE, cysC, cysN, cysD, iap, insL-5, insK-3, insJ-3</i>",,,duplication,,,,,,,,,,,,1.00,,,,
37990,REL606,"4,202,526",SNP,T→G,iclR,,DNA-binding transcriptional repressor,,,K12Q (AAA→CAA),,,,,,,,,,,,1.00,,,,
37991,REL606,"1,411,141",SNP,C→A,"lar, recT",,restriction alleviation protein/recombination and repair protein,,,intergenic (‑44/+13),,1.00,,,,,,,,,,,,,,
37992,REL606,"1,695,793",SNP,G→A,ydhH,,anhydro-N-acetylmuramic acid kinase,,,A335V (GCC→GTC),,1.00,,,,,,,,,,,,,,
37993,REL606,"1,731,058",SNP,G→A,ydhV,,predicted oxidoreductase,,,L14F (CTC→TTC),,1.00,,,,,,,,,,,,,,
37994,REL606,"3,290,019",INS,+TA,gltB,,"glutamate synthase, large subunit",,,coding (153/4554 nt),,1.00,,,,,,,,,,,,,,
37995,REL606,"3,368,977",SNP,C→T,rpsD,,30S ribosomal protein S4,,,E202K (GAG→AAG),,1.00,,,,,,,,,,,,,,
37996,REL606,"3,761,999",SNP,A→G,spoT,,"bifunctional (p)ppGpp synthetase II/ guanosine-3',5'-bis pyrophosphate 3'-pyrophosphohydrolase",,,T415A (ACC→GCC),,1.00,,,,,,,,,,,,,,
37997,REL606,"4,185,616",SNP,C→A,purH,,bifunctionalphosphoribosylaminoimidazolecarboxam ide formyltransferase/IMP cyclohydrolase,,,G501V (GGT→GTT),,1.00,,,,,,,,,,,,,,
37998,REL606,"1,345,332",MOB,IS1 (+) +9 bp,"yciR, rnb",,modulator of Rnase II stability/exoribonuclease II,,,intergenic (‑220/+7),,,,,1.00,,,,,,,,,,,
37999,REL606,"1,609,175",DEL,"Δ7,554 bp","ybcW, gnsB, ynfN, ECB_01516, cspI, ydfP, ydfQ, ydfR, essQ, ECB_01522, ECB_01523, insE-4, insF-4, [ECB_01526]",,"ybcW, gnsB, ynfN, ECB_01516, cspI, ydfP, ydfQ, ydfR, essQ, ECB_01522, ECB_01523, insE-4, insF-4, [ECB_01526]",,,between IS3,,,,,1.00,,,,,,,,,,,
38000,REL606,"2,761,505",SNP,C→A,rpoS,,RNA polymerase sigma factor,,,R303L (CGC→CTC),,,,,1.00,,,,,,,,,,,
38001,REL606,"3,217,095",SNP,G→T,"agaA, agaS",,N-acetylgalactosamine-6-phosphate deacetylase/tagatose-6-phosphate ketose/aldose isomerase,,,intergenic (+237/‑114),,,,,1.00,,,,,,,,,,,
38002,REL606,"3,893,551",INS,+G,"kup, insJ-5",,potassium transporter/IS150 hypothetical protein,,,intergenic (+6/‑50),,,1.00,,1.00,,,,,,,,,,,
38003,REL606,"4,616,438",SNP,A→G,nadR,,nicotinamide-nucleotide adenylyltransferase,,,K304E (AAA→GAA),,,,,1.00,1.00,,,,,,,,,,
38004,REL606,"650,776",SNP,T→A,mrdA,,transpeptidase involved in peptidoglycan synthesis (penicillin-binding protein 2),,,D9V (GAC→GTC),,,,,,,,,,,1.00,,,,,
38005,REL606,"2,736,667",MOB,Δ2 bp :: IS186 (+) +9 bp,ascB,,cryptic 6-phospho-beta-glucosidase,,,coding (818‑826/1425 nt),,,,,,,,,,,1.00,,,,,
38006,REL606,"2,736,667",AMP,"37,530 bp x 2","[ascB], hycI, hycH, hycG, hycF, hycE, hycD, hycC, hycB, hycA, hypA, hypB, hypC, hypD, hypE, fhlA, ygbA, mutS, pphB, ygbI, ygbJ, ygbK, ygbL, ygbM, ygbN, rpoS, nlpD, pcm, surE, ygbO, ispF, ispD, ftsB, ygbE, cysC, cysN, cysD, iap, insL-5",,"<i><b>39 genes</b><BR>[ascB], hycI, hycH, hycG, hycF, hycE, hycD, hycC, hycB, hycA, hypA, hypB, hypC, hypD, hypE, fhlA, ygbA, mutS, pphB, ygbI, ygbJ, ygbK, ygbL, ygbM, ygbN, rpoS, nlpD, pcm, surE, ygbO, ispF, ispD, ftsB, ygbE, cysC, cysN, cysD, iap, insL-5</i>",,,duplication,,,,,,,,,,,1.00,,,,,
38007,REL606,"3,228,156",DEL,Δ11 bp,yraL,,predicted methyltransferase,,,coding (404‑414/861 nt),,,,,,,,,,,1.00,,,,,
38008,REL606,"3,997,223",SNP,T→C,yigN,,predicted recombination limiting protein,,,S474P (TCG→CCG),,,,,,,,,,,1.00,,,,,
38009,REL606,"4,166,050",SNP,C→T,rpoC,,DNA-directed RNA polymerase subunit beta',,,H364Y (CAT→TAT),,,,,,,,,,,1.00,,,,,
38010,REL606,"4,202,635",SNP,T→A,"iclR, metH",,DNA-binding transcriptional repressor/B12-dependent methionine synthase,,,intergenic (‑76/‑124),,,,,,,,,,,1.00,,,,,
38011,REL606,"650,377",SNP,T→G,mrdA,,transpeptidase involved in peptidoglycan synthesis (penicillin-binding protein 2),,,Q142P (CAA→CCA),,,,,,,,,1.00,,,,,,,
38012,REL606,"4,101,090",SNP,T→G,hslU,,ATP-dependent protease ATP-binding subunit,,,E47D (GAA→GAC),,,,,,,,,1.00,,,,,,,
38013,REL606,"869,695",SNP,A→C,yliG,,predicted SAM-dependent methyltransferase,,,L298R (CTG→CGG),,,1.00,,,,,,,,,,,,,
38014,REL606,"1,460,928",DEL,"Δ16,827 bp","cybB, ydcA, hokB, mokB, trg, ydcI, ydcJ, ydcG, ECB_01382, ydcH, rimL, ydcK, tehA, tehB, ydcL, yncK, yncK, ydcM, ydcO, ydcN, [ydcP]",,"<i><b>21 genes</b><BR>cybB, ydcA, hokB, mokB, trg, ydcI, ydcJ, ydcG, ECB_01382, ydcH, rimL, ydcK, tehA, tehB, ydcL, yncK, yncK, ydcM, ydcO, ydcN, [ydcP]</i>",,,IS1‑mediated,,,1.00,,,,,,,,,,,,,
38015,REL606,"2,100,308",DEL,"Δ22,146 bp","ogrK, yegZ, ECB_01989, ECB_01990, ECB_01991, ECB_01992, ECB_01993, ECB_01994, ECB_01995, ECB_01996, ECB_01997, ECB_01998, ECB_01999, ECB_02000, ECB_02001, ECB_02002, ECB_02003, ECB_02004, ECB_02005, ECB_02006, ECB_02007, ECB_02008, ECB_02009, ECB_02010, ECB_02011, ECB_02012, [ECB_02013]",,"<i><b>27 genes</b><BR>ogrK, yegZ, ECB_01989, ECB_01990, ECB_01991, ECB_01992, ECB_01993, ECB_01994, ECB_01995, ECB_01996, ECB_01997, ECB_01998, ECB_01999, ECB_02000, ECB_02001, ECB_02002, ECB_02003, ECB_02004, ECB_02005, ECB_02006, ECB_02007, ECB_02008, ECB_02009, ECB_02010, ECB_02011, ECB_02012, [ECB_02013]</i>",,,,,,1.00,,,,,,,,,,,,,
