Reference Seq,Position,Mutation Type,Sequence Change,Gene,Function,Product,GO Process,GO Component,Mut ID,Details,TOL octanoic acid A1 F50 I1 R1,TOL octanoic acid A1 F50 I2 R1,TOL octanoic acid A1 F50 I3 R1,TOL octanoic acid A2 F50 I1 R1,TOL octanoic acid A2 F50 I2 R1,TOL octanoic acid A2 F50 I3 R1,TOL octanoic acid A3 F50 I1 R1,TOL octanoic acid A3 F50 I2 R1,TOL octanoic acid A3 F50 I3 R1,TOL octanoic acid A4 F50 I1 R1,TOL octanoic acid A4 F50 I2 R1,TOL octanoic acid A4 F50 I3 R1,TOL octanoic acid A5 F50 I1 R1,TOL octanoic acid A5 F50 I2 R1,TOL octanoic acid A5 F50 I3 R1,TOL octanoic acid A6 F50 I1 R1,TOL octanoic acid A6 F50 I2 R1,TOL octanoic acid A6 F50 I3 R1,TOL octanoic acid A7 F50 I1 R1,TOL octanoic acid A7 F50 I2 R1
81430,NC_000913,"4,128,316",SNP,A→G,metJ,,"transcriptional repressor, S-adenosylmethionine-binding",,,V27A (GTT→GCT),,,,,,,,,,,,,1.00,1.00,1.00,,,,,
43549,NC_000913,"1,594,132",DEL,(C)8→7,yneO,,"pseudogene, AidA homolog",,,pseudogene (3856/3861 nt),,,,,,,,,,,,,1.00,,,,,,,
39454,NC_000913,"484,337",INS,(C)6→7,acrB,,multidrug efflux system protein,,,coding (67/3150 nt),,,,,,,,,,,,,1.00,1.00,1.00,,,,,
81951,NC_000913,"3,440,923",SNP,C→T,rpoA,,"RNA polymerase, alpha subunit",,,G36D (GGC→GAC),1.00,1.00,1.00,,,,1.00,1.00,1.00,,,,,,,,,,,
82228,NC_000913,"3,139,839",SNP,G→A,hybG,,hydrogenase 2 accessory protein,,,A42A (GCC→GCT),,,,,,,,,,,,,,1.00,,,,,,
44072,NC_000913,"308,054",INS,(C)7→8,ecpC,,ECP production outer membrane protein,,,coding (1279/2526 nt),,,,,,,,,,,,,1.00,,1.00,,,,,
82185,NC_000913,"2,460,805",SNP,G→A,yfcZ,,UPF0381 family protein,,,L44L (CTG→TTG),,,,,,,,,,,,,,,,,1.00,,,
37947,NC_000913,"4,296,381",INS,+GC,"gltP, yjcO",,glutamate/aspartate:proton symporter/Sel1 family TPR-like repeat protein,,,intergenic (+587/+55),1.00,1.00,1.00,1.00,1.00,1.00,1.00,1.00,1.00,1.00,1.00,1.00,1.00,1.00,1.00,1.00,1.00,1.00,1.00,1.00
26183,NC_000913,"1,978,503",DEL,Δ776 bp,"insB1, insA",,"insB1, insA",,,,1.00,1.00,1.00,1.00,1.00,1.00,1.00,1.00,1.00,1.00,1.00,1.00,1.00,1.00,1.00,1.00,1.00,1.00,1.00,1.00
26191,NC_000913,"1,299,499",DEL,"Δ1,199 bp","ychE, oppA",,UPF0056 family inner membrane protein/oligopeptide ABC transporter periplasmic binding protein,,,intergenic (+254/‑485),,1.00,,,,,,,,1.00,,1.00,1.00,1.00,,,,,,
58464,NC_000913,"2,695,585",INS,(G)7→8,"purL, mltF",,"phosphoribosylformyl-glycineamide synthetase/membrane-bound lytic transglycosylase F, murein hydrolase",,,intergenic (‑42/‑216),,,,,,,,,,,,,1.00,,,,,,,
57965,NC_000913,"34,120",DEL,(T)9→8,"carB, caiF",,carbamoyl-phosphate synthase large subunit/cai operon transcriptional activator,,,intergenic (+82/‑180),,,,,,,,,,,,,1.00,,,,,,,
43127,NC_000913,"2,173,363",DEL,Δ2 bp,"gatC, gatC",,"pseudogene, galactitol-specific enzyme IIC component of PTS,transport, Transport of small molecules: Carbohydrates, organic acids, alcohols, PTS system galactitol-specific enzyme IIC/pseudogene, galactitol-specific enzyme IIC component of PTS,transport, Transport of small molecules: Carbohydrates, organic acids, alcohols, PTS system galactitol-specific enzyme IIC",,,intergenic (‑1/+1),1.00,1.00,1.00,1.00,1.00,1.00,1.00,1.00,1.00,1.00,1.00,1.00,1.00,1.00,1.00,1.00,1.00,1.00,1.00,1.00
43128,NC_000913,"3,560,455",INS,+G,"glpR, glpR",,"pseudogene, DNA-binding transcriptional repressor,regulator, Energy metabolism, carbon: Anaerobic respiration, repressor of the glp operon/pseudogene, DNA-binding transcriptional repressor,regulator, Energy metabolism, carbon: Anaerobic respiration, repressor of the glp operon",,,intergenic (‑2/+1),1.00,1.00,1.00,1.00,1.00,1.00,1.00,1.00,1.00,1.00,1.00,1.00,1.00,1.00,1.00,1.00,1.00,1.00,1.00,1.00
82114,NC_000913,"1,496,777",SNP,T→C,"ydcJ, opgD",,putative metalloenzyme/OPG biosynthetic periplasmic protein,,,intergenic (+146/‑79),,,,,,,,,,,,,1.00,1.00,1.00,,,,,
82075,NC_000913,"89,556",SNP,A→G,"cra, mraZ",,transcriptional repressor-activator for carbon metabolism/RsmH methytransferase inhibitor,,,intergenic (+524/‑78),,,,,,,,,,,,,1.00,1.00,1.00,,,,,
82076,NC_000913,"132,486",SNP,C→T,acnB,,"aconitate hydratase 2, aconitase B, 2-methyl-cis-aconitate hydratase",,,A291V (GCA→GTA),,,,,,,,,,,,,1.00,,,,,,,
82077,NC_000913,"134,458",SNP,T→C,yacL,,UPF0231 family protein,,,V24A (GTC→GCC),,,,,,,,,,,,,1.00,1.00,1.00,,,,,
82078,NC_000913,"170,334",SNP,T→C,fhuC,,iron(3+)-hydroxamate import ABC transporter ATPase,,,V186A (GTG→GCG),,,,,,,,,,,,,1.00,1.00,1.00,,,,,
82079,NC_000913,"187,251",SNP,G→A,glnD,,uridylyltransferase,,,T467M (ACG→ATG),,,,,,,,,,,,,1.00,1.00,1.00,,,,,
82080,NC_000913,"217,738",SNP,C→T,proS,,prolyl-tRNA synthetase,,,P346P (CCG→CCA),,,,,,,,,,,,,1.00,,,,,,,
82081,NC_000913,"218,835",DEL,(A)8→7,"proS, tsaA",,"prolyl-tRNA synthetase/tRNA-Thr(GGU) m(6)t(6)A37 methyltransferase, SAM-dependent",,,intergenic (‑60/+52),,,,,,,,,,,,,1.00,1.00,1.00,,,,,
82082,NC_000913,"277,333",SNP,A→G,mmuM,,"CP4-6 prophage, S-methylmethionine:homocysteine methyltransferase",,,T207A (ACG→GCG),,,,,,,,,,,,,1.00,1.00,1.00,,,,,
82083,NC_000913,"284,450",SNP,A→G,yagF,,"CP4-6 prophage, dehydratase family protein",,,E417G (GAG→GGG),,,,,,,,,,,,,1.00,1.00,1.00,,,,,
82084,NC_000913,"339,842",SNP,T→C,"yahG, yahI",,DUF1116 family protein/carbamate kinase-like protein,,,intergenic (+99/‑323),,,,,,,,,,,,,1.00,1.00,1.00,,,,,
82085,NC_000913,"339,848",SNP,T→C,"yahG, yahI",,DUF1116 family protein/carbamate kinase-like protein,,,intergenic (+105/‑317),,,,,,,,,,,,,1.00,1.00,1.00,,,,,
82086,NC_000913,"346,248",INS,(A)7→8,yahN,,"amino acid exporter for proline, lysine, glutamate, homoserine",,,coding (90/672 nt),,,,,,,,,,,,,1.00,1.00,1.00,,,,,
82087,NC_000913,"376,673",SNP,T→C,"mhpT, yaiL",,3-hydroxyphenylpropionic transporter/DUF2058 family protein,,,intergenic (+3/‑99),,,,,,,,,,,,,1.00,1.00,1.00,,,,,
82088,NC_000913,"384,199",SNP,C→T,yaiS,,putative PIG-L family deacetylase,,,V140I (GTT→ATT),,,,,,,,,,,,,1.00,1.00,1.00,,,,,
82089,NC_000913,"446,780",INS,(A)6→7,"yajR, cyoE",,putative transporter/protoheme IX farnesyltransferase,,,intergenic (‑114/+35),,,,,,,,,,,,,1.00,,,,,,,
82090,NC_000913,"483,535",SNP,C→T,acrB,,multidrug efflux system protein,,,G290E (GGG→GAG),,,,,,,,,,,,,1.00,1.00,1.00,,,,,
82091,NC_000913,"487,092",SNP,T→C,mscK,,"mechanosensitive channel protein, intermediate conductance, K+ regulated",,,L186P (CTG→CCG),,,,,,,,,,,,,1.00,1.00,1.00,,,,,
82092,NC_000913,"657,377",SNP,T→C,cspE,,"constitutive cold shock family transcription antitermination protein, negative regulator of cspA transcription, RNA melting protein, ssDNA-binding protein",,,V29A (GTG→GCG),,,,,,,,,,,,,1.00,1.00,1.00,,,,,
82093,NC_000913,"702,598",SNP,A→G,nagA,,N-acetylglucosamine-6-phosphate deacetylase,,,S52P (TCC→CCC),,,,,,,,,,,,,1.00,,1.00,,,,,
82094,NC_000913,"713,720",SNP,A→G,pgm,,phosphoglucomutase,,,S55G (AGC→GGC),,,,,,,,,,,,,1.00,1.00,1.00,,,,,
82095,NC_000913,"736,382",SNP,T→C,"ybfC, ybfQ",,"putative secreted protein/pseudogene, H repeat-associated protein",,,intergenic (+163/‑63),,,,,,,,,,,,,1.00,1.00,1.00,,,,,
82096,NC_000913,"807,696",SNP,C→T,ybhB,,"kinase inhibitor homolog, UPF0098 family",,,D72N (GAT→AAT),,,,,,,,,,,,,1.00,1.00,1.00,,,,,
82097,NC_000913,"810,116",SNP,A→G,bioB,,biotin synthase,,,Y258C (TAC→TGC),,,,,,,,,,,,,1.00,1.00,1.00,,,,,
82098,NC_000913,"878,968",SNP,A→G,yliI,,soluble aldose sugar dehydrogenase,,,D76G (GAC→GGC),,,,,,,,,,,,,1.00,,1.00,,,,,
82099,NC_000913,"886,290",SNP,A→G,ybjJ,,"putative drug efflux MFS transporter, inner membrane protein",,,A350A (GCT→GCC),,,,,,,,,,,,,1.00,,1.00,,,,,
82100,NC_000913,"942,738",SNP,C→T,dmsA,,"dimethyl sulfoxide reductase, anaerobic, subunit A",,,R594W (CGG→TGG),,,,,,,,,,,,,1.00,1.00,1.00,,,,,
82101,NC_000913,"986,147",SNP,A→G,ompF,,"outer membrane porin 1a (Ia,b,F)",,,V279A (GTT→GCT),,,,,,,,,,,,,1.00,,,,,,,
82102,NC_000913,"1,010,679",SNP,A→G,uup,,replication regulatory ABC-F family DNA-binding ATPase,,,D239G (GAC→GGC),,,,,,,,,,,,,1.00,,1.00,,,,,
82103,NC_000913,"1,132,321",SNP,C→T,flgD,,flagellar hook assembly protein,,,T156T (ACC→ACT),,,,,,,,,,,,,1.00,1.00,1.00,,,,,
82104,NC_000913,"1,200,772",SNP,A→G,intE,,"e14 prophage, putative integrase",,,V12A (GTC→GCC),,,,,,,,,,,,,1.00,,,,,,,
82105,NC_000913,"1,259,406",SNP,G→A,dauA,,C4-dicarboxylic acid transporter,,,G466G (GGC→GGT),,,,,,,,,,,,,1.00,1.00,1.00,,,,,
82106,NC_000913,"1,270,861",SNP,A→G,chaA,,calcium/sodium:proton antiporter,,,V330A (GTG→GCG),,,,,,,,,,,,,1.00,1.00,1.00,,,,,
82107,NC_000913,"1,307,516",SNP,A→G,clsA,,cardiolipin synthase 1,,,V377A (GTC→GCC),,,,,,,,,,,,,1.00,1.00,1.00,,,,,
82108,NC_000913,"1,407,641",SNP,A→G,ydaM,,"diguanylate cyclase, csgD regulator",,,V52A (GTC→GCC),,,,,,,,,,,,,1.00,1.00,1.00,,,,,
82109,NC_000913,"1,419,721",DEL,(G)7→6,"ydaG, racR",,"Rac prophage, uncharacterized protein/Rac prophage, putative DNA-binding transcriptional regulator",,,intergenic (‑265/+44),,,,,,,,,,,,,1.00,1.00,1.00,,,,,
82110,NC_000913,"1,444,706",SNP,C→T,ydbH,,"putative membrane-anchored protein, function unknown",,,G552G (GGC→GGT),,,,,,,,,,,,,1.00,1.00,1.00,,,,,
82111,NC_000913,"1,449,092",SNP,A→G,tynA,,"tyramine oxidase, copper-requiring",,,L753P (CTG→CCG),,,,,,,,,,,,,1.00,1.00,1.00,,,,,
82112,NC_000913,"1,490,800",SNP,A→G,"gapC, cybB",,"pseudogene, GAP dehydrogenase, glyceraldehyde-3-phosphate dehydrogenase (second fragment)/cytochrome b561",,,intergenic (‑87/‑102),,,,,,,,,,,,,1.00,,1.00,,,,,
82113,NC_000913,"1,494,068",SNP,A→G,trg,,"methyl-accepting chemotaxis protein III, ribose and galactose sensor receptor",,,E533E (GAA→GAG),,,,,,,,,,,,,1.00,,1.00,,,,,
60098,NC_000913,"3,350,184",INS,(C)7→8,elbB,,isoprenoid biosynthesis protein with amidotransferase-like domain,,,coding (276/654 nt),,,,,,,,,,,,,1.00,1.00,1.00,,,,,
82115,NC_000913,"1,594,053",INS,(C)6→7,yneO,,"pseudogene, AidA homolog",,,pseudogene (73/1461 nt),,,,,,,,,,,,,1.00,,1.00,,,,,
82116,NC_000913,"1,595,660",SNP,A→G,yneO,,"pseudogene, AidA homolog",,,pseudogene (2328/3861 nt),,,,,,,,,,,,,1.00,1.00,1.00,,,,,
82117,NC_000913,"1,636,877",SNP,T→C,ynfO,,"uncharacterized protein, Qin prophage",,,V41A (GTC→GCC),,,,,,,,,,,,,1.00,,1.00,,,,,
82118,NC_000913,"1,639,617",SNP,T→C,rrrQ,,"Qin prophage, putative lysozyme",,,G147G (GGA→GGG),,,,,,,,,,,,,1.00,1.00,1.00,,,,,
82119,NC_000913,"1,646,854",SNP,C→T,"flxA, intK",,"Qin prophage, uncharacterized protein/pseudogene, integrase fragment, Qin prophage,Phage or Prophage Related",,,intergenic (+117/+320),,,,,,,,,,,,,1.00,1.00,1.00,,,,,
82120,NC_000913,"1,664,083",SNP,T→C,ynfH,,"oxidoreductase, membrane subunit",,,L159L (TTG→CTG),,,,,,,,,,,,,1.00,,1.00,,,,,
82121,NC_000913,"1,691,784",SNP,A→G,uidC,,putative outer membrane porin for beta-glucuronides porin protein,,,S356S (AGT→AGC),,,,,,,,,,,,,1.00,1.00,1.00,,,,,
82122,NC_000913,"1,710,621",SNP,G→A,rsxG,,"SoxR iron-sulfur cluster reduction factor component, putative membrane protein of electron transport complex",,,D140N (GAC→AAC),,,,,,,,,,,,,1.00,,1.00,,,,,
82123,NC_000913,"1,719,070",SNP,A→G,anmK,,anhydro-N-acetylmuramic acid kinase,,,I178T (ATT→ACT),,,,,,,,,,,,,1.00,,1.00,,,,,
82124,NC_000913,"1,833,205",SNP,G→A,xthA,,exonuclease III,,,A260T (GCC→ACC),,,,,,,,,,,,,1.00,1.00,1.00,,,,,
82125,NC_000913,"1,855,321",SNP,A→G,ydjG,,"methylglyoxal reductase, NADH-dependent",,,Y217Y (TAT→TAC),,,,,,,,,,,,,1.00,,,,,,,
82126,NC_000913,"1,877,132",SNP,A→G,yeaO,,DUF488 family protein,,,H75R (CAC→CGC),,,,,,,,,,,,,1.00,1.00,1.00,,,,,
82127,NC_000913,"1,967,082",SNP,T→C,cheY,,chemotaxis regulator transmitting signal to flagellar motor component,,,K119R (AAA→AGA),,,,,,,,,,,,,1.00,1.00,1.00,,,,,
82128,NC_000913,"2,081,148",SNP,T→C,sbmC,,DNA gyrase inhibitor,,,S39G (AGC→GGC),,,,,,,,,,,,,1.00,,1.00,,,,,
82129,NC_000913,"2,130,464",SNP,T→C,wcaD,,putative colanic acid polymerase,,,T139A (ACC→GCC),,,,,,,,,,,,,1.00,,1.00,,,,,
82130,NC_000913,"2,140,009",SNP,T→C,asmA,,"suppressor of OmpF assembly mutants, putative outer membrane protein assembly factor, inner membrane-anchored periplasmic protein",,,D535G (GAC→GGC),,,,,,,,,,,,,1.00,1.00,1.00,,,,,
82131,NC_000913,"2,160,028",SNP,C→T,mdtC,,"multidrug efflux system, subunit C",,,P548L (CCG→CTG),,,,,,,,,,,,,1.00,,1.00,,,,,
82132,NC_000913,"2,210,118",SNP,T→C,yehQ,,pseudogene,,,pseudogene (1019/2001 nt),,,,,,,,,,,,,1.00,,1.00,,,,,
82133,NC_000913,"2,223,301",SNP,T→C,dld,,"D-lactate dehydrogenase, FAD-binding, NADH independent",,,F373L (TTC→CTC),,,,,,,,,,,,,1.00,1.00,1.00,,,,,
82134,NC_000913,"2,264,624",SNP,C→T,setB,,lactose/glucose efflux system,,,A254A (GCC→GCT),,,,,,,,,,,,,1.00,1.00,1.00,,,,,
82135,NC_000913,"2,279,534",SNP,G→A,bcr,,bicyclomycin/cysteine/sulfonamide efflux transporter,,,P76L (CCG→CTG),,,,,,,,,,,,,1.00,,1.00,,,,,
82136,NC_000913,"2,536,495",SNP,G→A,pdxK,,pyridoxal-pyridoxamine kinase/hydroxymethylpyrimidine kinase,,,A248V (GCG→GTG),,,,,,,,,,,,,1.00,1.00,1.00,,,,,
82137,NC_000913,"2,575,242",SNP,A→G,eutP,,putative P-loop NTPase ethanolamine utilization protein,,,H72H (CAT→CAC),,,,,,,,,,,,,1.00,1.00,1.00,,,,,
82138,NC_000913,"2,665,669",SNP,A→G,csiE,,stationary phase inducible protein,,,T79A (ACA→GCA),,,,,,,,,,,,,1.00,,1.00,,,,,
82139,NC_000913,"2,747,020",SNP,G→A,ffh,,Signal Recognition Particle (SRP) component with 4.5S RNA (ffs),,,A259V (GCG→GTG),,,,,,,,,,,,,1.00,1.00,1.00,,,,,
82140,NC_000913,"2,809,534",SNP,T→C,"ygaY, ygaZ",,"pseudogene, major facilitator transporter superfamily,putative transport, Not classified, putative transport protein/putative L-valine exporter, norvaline resistance protein",,,intergenic (+41/‑83),,,,,,,,,,,,,1.00,1.00,1.00,,,,,
82141,NC_000913,"2,812,356",SNP,T→C,emrA,,multidrug efflux system,,,G310G (GGT→GGC),,,,,,,,,,,,,1.00,1.00,1.00,,,,,
82142,NC_000913,"2,832,456",SNP,C→T,"norR, norV",,anaerobic nitric oxide reductase DNA-binding transcriptional activator/anaerobic nitric oxide reductase flavorubredoxin,,,intergenic (‑167/‑20),,,,,,,,,,,,,1.00,1.00,1.00,,,,,
82143,NC_000913,"2,858,929",SNP,A→C,mutS,,methyl-directed mismatch repair protein,,,T613P (ACC→CCC),,,,,,,,,,,,,1.00,1.00,1.00,,,,,
82144,NC_000913,"2,913,035",SNP,A→G,relA,,(p)ppGpp synthetase I/GTP pyrophosphokinase,,,L206P (CTC→CCC),,,,,,,,,,,,,1.00,1.00,1.00,,,,,
82145,NC_000913,"2,913,196",SNP,T→C,relA,,(p)ppGpp synthetase I/GTP pyrophosphokinase,,,K152K (AAA→AAG),,,,,,,,,,,,,1.00,1.00,1.00,,,,,
82146,NC_000913,"2,973,783",SNP,G→A,lplT,,lysophospholipid transporter,,,A27V (GCG→GTG),,,,,,,,,,,,,1.00,,,,,,,
82147,NC_000913,"3,018,356",DEL,(GTC)4→3,ygfK,,putative Fe-S subunit oxidoreductase subunit,,,coding (2297‑2299/3099 nt),,,,,,,,,,,,,1.00,1.00,1.00,,,,,
82148,NC_000913,"3,346,796",SNP,T→C,ptsN,,sugar-specific enzyme IIA component of PTS,,,H73H (CAT→CAC),,,,,,,,,,,,,1.00,,,,,,,
82149,NC_000913,"3,356,384",SNP,T→C,gltB,,"glutamate synthase, large subunit",,,S554P (TCG→CCG),,,,,,,,,,,,,1.00,1.00,1.00,,,,,
82150,NC_000913,"3,400,928",SNP,C→T,mreB,,"cell wall structural complex MreBCD, actin-like component MreB",,,A54T (GCA→ACA),,,,,,,,,,,,,1.00,1.00,1.00,,,,,
82151,NC_000913,"3,404,872",SNP,T→C,yrdE,,"pseudogene, yedZ paralog",,,pseudogene (141/300 nt),,,,,,,,,,,,,1.00,1.00,1.00,,,,,
82152,NC_000913,"3,439,982",SNP,A→G,rplQ,,50S ribosomal subunit protein L17,,,S6S (AGT→AGC),,,,,,,,,,,,,1.00,1.00,1.00,,,,,
82153,NC_000913,"3,440,068",SNP,C→T,rpoA,,"RNA polymerase, alpha subunit",,,W321* (TGG→TAG),,,,,,,,,,,,,1.00,,1.00,,,,,
82154,NC_000913,"3,440,822",SNP,T→C,rpoA,,"RNA polymerase, alpha subunit",,,T70A (ACC→GCC),,,,,,,,,,,,,1.00,,1.00,,,,,
82155,NC_000913,"3,462,301",SNP,A→G,gspI,,"general secretory pathway component, cryptic",,,T110A (ACG→GCG),,,,,,,,,,,,,1.00,1.00,1.00,,,,,
82156,NC_000913,"3,486,190",SNP,A→G,crp,,"cAMP-activated global transcription factor, mediator of catabolite repression",,,Y24C (TAC→TGC),,,,,,,,,,,,,1.00,1.00,1.00,,,,,
82157,NC_000913,"3,497,615",SNP,T→C,nirC,,nitrite transporter,,,F205L (TTC→CTC),,,,,,,,,,,,,1.00,1.00,1.00,,,,,
82158,NC_000913,"3,505,884",SNP,A→G,yhfS,,FNR-regulated pyridoxal phosphate-dependent aminotransferase family protein,,,L46P (CTG→CCG),,,,,,,,,,,,,1.00,1.00,1.00,,,,,
82159,NC_000913,"3,588,203",SNP,A→G,ugpC,,sn-glycerol-3-phosphate ABC transporter ATPase,,,H326H (CAT→CAC),,,,,,,,,,,,,1.00,1.00,1.00,,,,,
82160,NC_000913,"3,606,883",SNP,G→A,zntA,,"zinc, cobalt and lead efflux system",,,E145K (GAG→AAG),,,,,,,,,,,,,1.00,1.00,1.00,,,,,
82161,NC_000913,"3,629,003",SNP,T→C,rbbA,,ribosome-associated ATPase: ATP-binding protein/ATP-binding membrane protein,,,D179G (GAC→GGC),,,,,,,,,,,,,1.00,1.00,1.00,,,,,
82162,NC_000913,"3,844,146",SNP,T→C,adeD,,cryptic adenine deaminase,,,G61G (GGT→GGC),,,,,,,,,,,,,1.00,1.00,1.00,,,,,
82163,NC_000913,"3,903,155",SNP,C→T,bglB,,cryptic phospho-beta-glucosidase B,,,G183S (GGC→AGC),,,,,,,,,,,,,1.00,,1.00,,,,,
82164,NC_000913,"3,967,132",SNP,A→G,rho,,transcription termination factor,,,H239R (CAC→CGC),,,,,,,,,,,,,1.00,1.00,1.00,,,,,
82165,NC_000913,"4,106,405",SNP,T→C,"cpxP, fieF",,"inhibitor of the cpx response, periplasmic adaptor protein/ferrous iron and zinc transporter",,,intergenic (+85/‑64),,,,,,,,,,,,,1.00,1.00,1.00,,,,,
82166,NC_000913,"4,109,551",SNP,C→T,sbp,,sulfate transporter subunit,,,P240S (CCA→TCA),,,,,,,,,,,,,1.00,1.00,1.00,,,,,
82167,NC_000913,"4,114,622",SNP,A→G,glpX,,"fructose 1,6-bisphosphatase II",,,S320P (TCC→CCC),,,,,,,,,,,,,1.00,1.00,1.00,,,,,
82168,NC_000913,"4,134,394",SNP,A→G,katG,,"catalase-peroxidase HPI, heme b-containing",,,D187G (GAC→GGC),,,,,,,,,,,,,1.00,1.00,1.00,,,,,
82169,NC_000913,"4,180,463",SNP,T→C,rplJ,,50S ribosomal subunit protein L10,,,A156A (GCT→GCC),,,,,,,,,,,,,1.00,1.00,1.00,,,,,
82170,NC_000913,"4,381,504",SNP,T→C,frdA,,anaerobic fumarate reductase catalytic and NAD/flavoprotein subunit,,,E272G (GAA→GGA),,,,,,,,,,,,,1.00,1.00,1.00,,,,,
82171,NC_000913,"4,407,982",SNP,T→C,rnr,,"exoribonuclease R, RNase R",,,R443R (CGT→CGC),,,,,,,,,,,,,1.00,1.00,1.00,,,,,
82172,NC_000913,"4,485,819",SNP,C→T,pepA,,"multifunctional aminopeptidase A: a cyteinylglycinase, transcription regulator and site-specific recombination factor",,,A45T (GCC→ACC),,,,,,,,,,,,,1.00,1.00,1.00,,,,,
82173,NC_000913,"4,533,553",SNP,A→G,yjhQ,,GNAT family putative N-acetyltransferase,,,L78L (TTG→CTG),,,,,,,,,,,,,1.00,,1.00,,,,,
82174,NC_000913,"4,556,769",DEL,(T)9→8,"yjiC, iraD",,"uncharacterized protein/RpoS stabilzer after DNA damage, anti-RssB factor",,,intergenic (‑449/‑224),,,,,,,,,,,,,1.00,1.00,1.00,,,,,
82175,NC_000913,"4,619,018",SNP,A→G,deoA,,thymidine phosphorylase,,,T264A (ACG→GCG),,,,,,,,,,,,,1.00,1.00,1.00,,,,,
82176,NC_000913,"1,495,028",SNP,T→C,ydcI,,putative DNA-binding transcriptional regulator,,,H15R (CAC→CGC),,,,,,,,,,1.00,1.00,1.00,,,,,,,,
82177,NC_000913,"4,069,461",MOB,IS5 (+) +4 bp,"yihQ, yihR",,"putative sulpholipid alpha-glucosidase, alpha-glucosyl fluoride glucosidase/putative sulphoquinovose mutarotase",,,intergenic (‑185/+11),,,,,,,,,,1.00,1.00,1.00,,,,,,,,
82178,NC_000913,"1,356,297",SNP,A→T,sapA,,antimicrobial peptide transport ABC transporter periplasmic binding protein,,,W272R (TGG→AGG),,1.00,1.00,,,,,,,,,,,,,,,,,
82179,NC_000913,"3,400,673",SNP,A→C,mreB,,"cell wall structural complex MreBCD, actin-like component MreB",,,F139V (TTC→GTC),1.00,1.00,1.00,,,,,,,,,,,,,,,,,
82180,NC_000913,"1,168,895",SNP,C→T,"ycfQ, bhsA",,"repressor for bhsA(ycfR)/biofilm, cell surface and signaling protein",,,intergenic (‑63/‑178),,,,,,,,,,,,,,,,1.00,1.00,1.00,,
82181,NC_000913,"3,399,666",SNP,G→A,mreC,,cell wall structural complex MreBCD transmembrane component MreC,,,R105C (CGC→TGC),,,,,,,,,,,,,,,,1.00,1.00,1.00,,
82182,NC_000913,"3,410,240",DEL,Δ1 bp,"prmA, dusB",,methyltransferase for 50S ribosomal subunit protein L11/tRNA-dihydrouridine synthase B,,,intergenic (+289/‑40),,,,,,,,,,,,,,,,1.00,1.00,1.00,,
82183,NC_000913,"668,691",SNP,C→A,rlmH,,"23S rRNA m(3)Psi1915 pseudouridine methyltransferase, SAM-dependent",,,G9* (GGA→TGA),,,,1.00,1.00,1.00,,,,,,,,,,,,,,
82184,NC_000913,"3,410,273",MOB,IS5 (–) +4 bp,"prmA, dusB",,methyltransferase for 50S ribosomal subunit protein L11/tRNA-dihydrouridine synthase B,,,intergenic (+322/‑4),,,,1.00,1.00,1.00,,,,,,,,,,,,,,
82220,NC_000913,"1,337,147",SNP,T→C,acnA,,"aconitate hydratase 1, aconitase A",,,S439S (TCT→TCC),,,,,,,,,,,,,,1.00,,,,,,
82186,NC_000913,"1,311,924",SNP,T→C,yciA,,acyl-CoA esterase,,,Y108C (TAT→TGT),,,,,,,,,,,,,,,,,,,,1.00
82187,NC_000913,"2,469,886",MOB,IS1 (–) +9 bp,gtrS,,"serotype-specific glucosyl transferase, CPS-53 (KpLE1) prophage",,,coding (756‑764/1332 nt),,,,,,,,,,,,,,,,,,,1.00,1.00
82188,NC_000913,"4,400,417",SNP,A→T,hfq,,"global sRNA chaperone, HF-I, host factor for RNA phage Q beta replication",,,I44F (ATC→TTC),,,,,,,,,,,,,,,,,,,1.00,1.00
82189,NC_000913,"404,111",INS,(G)5→6,yaiC,,"diguanylate cyclase, cellulose regualtor",,,coding (409/1116 nt),,,,,,,,,,,,,,,1.00,,,,,
82190,NC_000913,"851,958",SNP,G→A,opgE,,OPG biosynthetic transmembrane phosphoethanolamine transferase,,,P214S (CCG→TCG),,,,,,,,,,,,,,,1.00,,,,,
82191,NC_000913,"1,472,600",SNP,T→C,ydbA,,"pseudogene, autotransporter homolog, interrupted by IS2 and IS30",,,pseudogene (2084/3497 nt),,,,,,,,,,,,,,,1.00,,,,,
82192,NC_000913,"1,570,469",SNP,T→C,gadC,,glutamate:gamma-aminobutyric acid antiporter,,,T7T (ACA→ACG),,,,,,,,,,,,,,,1.00,,,,,
82193,NC_000913,"1,862,504",DEL,Δ1 bp,"msrB, gapA",,methionine sulfoxide reductase B/glyceraldehyde-3-phosphate dehydrogenase A,,,intergenic (‑75/‑267),,,,,,,,,,,,,,,1.00,,,,,
82194,NC_000913,"2,045,143",SNP,T→C,yeeJ,,putative adhesin,,,V69A (GTG→GCG),,,,,,,,,,,,,,,1.00,,,,,
82195,NC_000913,"2,114,010",SNP,T→C,wcaN,,putative regulatory subunit for GalU,,,E106E (GAA→GAG),,,,,,,,,,,,,,,1.00,,,,,
82196,NC_000913,"2,464,296",SNP,C→T,mlaA,,"ABC transporter maintaining OM lipid asymmetry, OM lipoprotein component",,,A238T (GCA→ACA),,,,,,,,,,,,,,,1.00,,,,,
82197,NC_000913,"2,657,699",SNP,T→C,hscA,,DnaK-like molecular chaperone specific for IscU,,,T413A (ACC→GCC),,,,,,,,,,,,,,,1.00,,,,,
82198,NC_000913,"3,831,451",SNP,A→G,yicH,,putative inner membrane-anchored periplasmic AsmA family protein,,,E332G (GAA→GGA),,,,,,,,,,,,,,,1.00,,,,,
82199,NC_000913,"4,346,191",SNP,A→G,fumB,,anaerobic class I fumarate hydratase (fumarase B),,,V379A (GTA→GCA),,,,,,,,,,,,,,,1.00,,,,,
82200,NC_000913,"4,382,478",SNP,C→A,"frdA, epmA",,anaerobic fumarate reductase catalytic and NAD/flavoprotein subunit/Elongation Factor P Lys34 lysyltransferase,,,intergenic (‑160/‑165),,,,,,,,,,,,,,,1.00,,,,,
82201,NC_000913,"4,600,526",SNP,A→G,dnaC,,DNA biosynthesis protein,,,G150G (GGT→GGC),,,,,,,,,,,,,,,1.00,,,,,
82202,NC_000913,"774,243",INS,+T,cydX,,cytochrome d (bd-I) ubiquinol oxidase subunit X,,,coding (48/114 nt),,,,1.00,,,,,,,,,,,,,,,,
82203,NC_000913,"2,803,042",SNP,G→A,nrdE,,"ribonucleoside-diphosphate reductase 2, alpha subunit",,,M565I (ATG→ATA),,,,1.00,,,,,,,,,,,,,,,,
82204,NC_000913,"665,850",SNP,G→T,mrdB,,cell wall shape-determining protein,,,A155D (GCT→GAT),,,,,,,1.00,1.00,,,,,,,,,,,,
82205,NC_000913,"4,033,217",SNP,G→A,trkH,,potassium transporter,,,G25R (GGG→AGG),,,,,,,1.00,1.00,,,,,,,,,,,,
82206,NC_000913,"1,293,196",MOB,IS5 (–) +4 bp,"hns, tdk",,global DNA-binding transcriptional dual regulator H-NS/thymidine kinase/deoxyuridine kinase,,,intergenic (‑274/‑328),,,,,,,,,,,1.00,,,,,,,,,
82207,NC_000913,"1,416,518",MOB,IS5 (–) +4 bp,recE,,"Rac prophage, exonuclease VIII, 5' to 3' specific dsDNA exonuclease",,,coding (866‑869/2601 nt),,,,,,,,,,,1.00,,,,,,,,,
82208,NC_000913,"2,469,647",MOB,IS5 (+) +4 bp,gtrS,,"serotype-specific glucosyl transferase, CPS-53 (KpLE1) prophage",,,coding (517‑520/1332 nt),,,,,,,,,,,1.00,,,,,,,,,
82209,NC_000913,"184,461",SNP,A→G,yaeI,,phosphodiesterase with model substrate bis-pNPP,,,D203D (GAT→GAC),,,,,,,,,,,,,,1.00,,,,,,
82210,NC_000913,"296,092",SNP,A→G,intF,,"CP4-6 prophage, putative phage integrase",,,R335R (CGT→CGC),,,,,,,,,,,,,,1.00,,,,,,
82211,NC_000913,"514,850",SNP,A→G,ybbJ,,"inner membrane protein, stimulator of the QmcA suppressor of ftsH-htpX",,,L4L (TTA→CTA),,,,,,,,,,,,,,1.00,,,,,,
82212,NC_000913,"607,918",SNP,T→C,hokE,,"toxic polypeptide, small",,,L28P (CTG→CCG),,,,,,,,,,,,,,1.00,,,,,,
82213,NC_000913,"701,829",SNP,C→T,nagA,,N-acetylglucosamine-6-phosphate deacetylase,,,G308D (GGT→GAT),,,,,,,,,,,,,,1.00,,,,,,
82214,NC_000913,"831,064",SNP,A→G,rhlE,,ATP-dependent RNA helicase,,,T65A (ACT→GCT),,,,,,,,,,,,,,1.00,,,,,,
82215,NC_000913,"851,798",SNP,A→G,opgE,,OPG biosynthetic transmembrane phosphoethanolamine transferase,,,L267P (CTT→CCT),,,,,,,,,,,,,,1.00,,,,,,
82216,NC_000913,"891,425",SNP,C→T,nfsA,,"nitroreductase A, NADPH-dependent, FMN-dependent",,,A81V (GCC→GTC),,,,,,,,,,,,,,1.00,,,,,,
82217,NC_000913,"1,039,933",SNP,T→C,cbdB,,"cytochrome bd-II oxidase, subunit II",,,L213P (CTG→CCG),,,,,,,,,,,,,,1.00,,,,,,
82218,NC_000913,"1,151,990",SNP,G→A,fabF,,3-oxoacyl-[acyl-carrier-protein] synthase II,,,G18S (GGC→AGC),,,,,,,,,,,,,,1.00,,,,,,
82219,NC_000913,"1,325,514",SNP,T→C,yciQ,,"enhancer of membrane protein expression, putative inner membrane protein",,,F257L (TTC→CTC),,,,,,,,,,,,,,1.00,,,,,,
43308,NC_000913,"3,815,808",DEL,(A)8→7,"pyrE, rph",,"orotate phosphoribosyltransferase/ribonuclease PH (defective),enzyme, Degradation of RNA, RNase PH",,,intergenic (‑40/+26),,,,,,,,,,,,,1.00,1.00,1.00,1.00,1.00,1.00,,
82221,NC_000913,"1,362,090",SNP,T→C,puuR,,"repressor for the divergent puu operons, putrescine inducible",,,G60G (GGT→GGC),,,,,,,,,,,,,,1.00,,,,,,
82222,NC_000913,"1,568,820",SNP,C→T,yddW,,"liprotein, glycosyl hydrolase homolog",,,D2N (GAT→AAT),,,,,,,,,,,,,,1.00,,,,,,
82223,NC_000913,"1,896,966",MOB,IS186 (–) +4 bp,sdaA,,L-serine dehydratase 1,,,coding (35‑38/1365 nt),,,,,,,,,,,,,,1.00,,,,,,
82224,NC_000913,"2,194,467",SNP,T→C,metG,,methionyl-tRNA synthetase,,,G56G (GGT→GGC),,,,,,,,,,,,,,1.00,,,,,,
82225,NC_000913,"2,238,821",SNP,T→C,mglA,,methyl-galactoside ABC transporter ATPase,,,M157V (ATG→GTG),,,,,,,,,,,,,,1.00,,,,,,
82226,NC_000913,"2,520,452",SNP,T→C,gltX,,glutamyl-tRNA synthetase,,,Y74C (TAC→TGC),,,,,,,,,,,,,,1.00,,,,,,
82227,NC_000913,"2,845,283",SNP,T→C,hycE,,"hydrogenase 3, large subunit",,,S397G (AGC→GGC),,,,,,,,,,,,,,1.00,,,,,,
61236,NC_000913,"3,157,712",INS,(C)6→7,yqhG,,DUF3828 family putative periplasmic protein,,,coding (63/927 nt),,,,,,,,,,,,,1.00,,,,,,,
82229,NC_000913,"3,208,868",SNP,T→C,ttdT,,L-tartrate/succinate antiporte,,,L282P (CTC→CCC),,,,,,,,,,,,,,1.00,,,,,,
82230,NC_000913,"3,217,866",SNP,G→A,aer,,fused signal transducer for aerotaxis sensory component/methyl accepting chemotaxis component,,,A404V (GCC→GTC),,,,,,,,,,,,,,1.00,,,,,,
82231,NC_000913,"3,368,335",SNP,T→C,yhcG,,DUF1016 family protein in the PD-(D/E)XK nuclease superfamily,,,V170A (GTT→GCT),,,,,,,,,,,,,,1.00,,,,,,
82232,NC_000913,"3,531,670",SNP,A→G,yhgE,,DUF4153 family putative inner membrane protein,,,L257P (CTG→CCG),,,,,,,,,,,,,,1.00,,,,,,
82233,NC_000913,"3,925,230",SNP,A→G,mnmG,,5-methylaminomethyl-2-thiouridine modification at tRNA U34,,,V135A (GTG→GCG),,,,,,,,,,,,,,1.00,,,,,,
82234,NC_000913,"3,960,675",MOB,IS2 (+) +5 bp,[rep],,[rep],,,,,,,,,,,,,,,,,1.00,,,,,,
82235,NC_000913,"4,021,274",SNP,T→C,ubiB,,"regulator of octaprenylphenol hydroxylation, ubiquinone synthesis, regulator of 2'-N-acetyltransferase, putative ABC1 family protein kinase",,,V350A (GTG→GCG),,,,,,,,,,,,,,1.00,,,,,,
82236,NC_000913,"4,088,201",MOB,IS5 (+) +4 bp,frvR,,"putative frv operon regulator, contains a PTS EIIA domain",,,coding (1652‑1655/1749 nt),,,,,,,,,,,,,,1.00,,,,,,
81725,NC_000913,"1,198,505",INS,(AATGATGA)6→7,"ymfE, lit",,"e14 prophage, putative inner membrane protein/T4 phage exclusion protein, cell death peptidase, e14 prophage",,,intergenic (‑268/‑190),1.00,,,,,,,,,,,,,,,,,,,
82238,NC_000913,"4,480,290",SNP,T→C,yjgN,,DUF898 family inner membrane protein,,,G187G (GGT→GGC),,,,,,,,,,,,,,1.00,,,,,,
82239,NC_000913,"4,552,715",SNP,G→A,uxuA,,mannonate hydrolase,,,L360L (CTG→CTA),,,,,,,,,,,,,,1.00,,,,,,
82240,NC_000913,"1,353,062",SNP,C→A,sapD,,antimicrobial peptide ABC transporter ATPase,,,M189I (ATG→ATT),,,,,,,,,1.00,,,,,,,,,,,
82241,NC_000913,"3,400,300",SNP,G→A,mreB,,"cell wall structural complex MreBCD, actin-like component MreB",,,P263L (CCG→CTG),,,,,,,,,1.00,,,,,,,,,,,
82242,NC_000913,"2,290,201",MOB,IS5 (–) +4 bp,"yejO, narP",,"pseudogene, autotransporter outer membrane homology,putative transport, Not classified, putative ATP-binding component of a transport system/response regulator in two-component regulatory system with NarQ",,,intergenic (‑21/‑296),,1.00,,,,,,,,,,,,,,,,,,
82243,NC_000913,"4,222,091",MOB,IS1 (+) +9 bp,arpA,,ankyrin repeat protein,,,coding (389‑397/2187 nt),1.00,,,,,,,,,,,,,,,,,,,
82244,NC_000913,"2,469,636",MOB,IS5 (+) +4 bp,gtrS,,"serotype-specific glucosyl transferase, CPS-53 (KpLE1) prophage",,,coding (506‑509/1332 nt),,,,,,,,,,1.00,,,,,,,,,,
60231,NC_000913,"4,606,330",INS,(G)8→9,leuQ,,tRNA-Leu,,,noncoding (72/87 nt),,,,,,,,,,,,,,1.00,,,,,,
61780,NC_000913,"1,198,498",DEL,(AATGATGA)6→5,"ymfE, lit",,"e14 prophage, putative inner membrane protein/T4 phage exclusion protein, cell death peptidase, e14 prophage",,,intergenic (‑261/‑190),,1.00,1.00,,,,,,,,,,,,,,,,,
43349,NC_000913,"1,212,088",INS,(C)8→9,"iraM, ycgX",,"RpoS stabilzer during Mg starvation, anti-RssB factor/DUF1398 family protein",,,intergenic (‑85/+615),,,,,,,,,,,,,1.00,1.00,1.00,,,,,
43367,NC_000913,"4,186,115",INS,(TTCCGCTGG)1→2,rpoC,,"RNA polymerase, beta prime subunit",,,coding (766/4224 nt),,,,1.00,1.00,1.00,,,,,,,,,,,,,,
82237,NC_000913,"4,408,612",SNP,C→T,rnr,,"exoribonuclease R, RNase R",,,S653S (AGC→AGT),,,,,,,,,,,,,,1.00,,,,,,
38272,NC_000913,"1,597,313",INS,(C)7→8,yneO,,"pseudogene, AidA homolog",,,pseudogene (675/3861 nt),,,,,,,,,,,,,1.00,1.00,1.00,,,,,
60806,NC_000913,"1,714,326",DEL,(T)9→8,"dtpA, gstA",,dipeptide and tripeptide permease A/glutathionine S-transferase,,,intergenic (+55/‑51),,,,,,,,,,,,,1.00,1.00,1.00,,,,,
59308,NC_000913,"1,351,196",INS,(G)7→8,"fabI, ycjD",,"enoyl-[acyl-carrier-protein] reductase, NADH-dependent/DUF559 family endonuclease-related protein",,,intergenic (‑157/+211),,,,,,,,,,,,,1.00,1.00,1.00,,,,,
43449,NC_000913,"4,338,117",DEL,(A)8→7,"adiY, adiA",,adi system transcriptional activator/arginine decarboxylase,,,intergenic (‑188/+137),,,,,,,,,,,,,1.00,1.00,1.00,,,,,
81657,NC_000913,"4,186,605",SNP,A→C,rpoC,,"RNA polymerase, beta prime subunit",,,H419P (CAC→CCC),,,,,,,,,,1.00,1.00,1.00,,,,1.00,1.00,1.00,,
60402,NC_000913,"1,151,492",INS,(G)6→7,"fabG, acpP",,3-oxoacyl-[acyl-carrier-protein] reductase/acyl carrier protein (ACP),,,intergenic (+88/‑123),,,,,,,,,,,,,,,1.00,,,,,
26102,NC_000913,"257,908",DEL,Δ776 bp,[crl],,[crl],,,,1.00,1.00,1.00,1.00,1.00,1.00,1.00,1.00,1.00,1.00,1.00,1.00,1.00,1.00,1.00,1.00,1.00,1.00,1.00,1.00
76795,NC_000913,"1,354,687",SNP,C→A,sapB,,antimicrobial peptide transport ABC transporter permease,,,V262F (GTT→TTT),1.00,,,,,,,,,,,,,,,,,,,
