Reference Seq,Position,Mutation Type,Sequence Change,Gene,Function,Product,GO Process,GO Component,Mut ID,Details,TOL isobutyric acid A1 F50 I1 R1,TOL isobutyric acid A1 F50 I2 R1,TOL isobutyric acid A2 F50 I1 R1,TOL isobutyric acid A2 F50 I2 R1,TOL isobutyric acid A2 F50 I3 R1,TOL isobutyric acid A3 F50 I1 R1,TOL isobutyric acid A3 F50 I2 R1,TOL isobutyric acid A4 F50 I1 R1,TOL isobutyric acid A4 F50 I2 R1,TOL isobutyric acid A4 F50 I3 R1,TOL isobutyric acid A5 F50 I1 R1,TOL isobutyric acid A5 F50 I2 R1,TOL isobutyric acid A6 F50 I1 R1,TOL isobutyric acid A6 F50 I2 R1,TOL isobutyric acid A7 F50 I1 R1,TOL isobutyric acid A7 F50 I2 R1,TOL isobutyric acid A7 F50 I3 R1,TOL isobutyric acid A8 F50 I1 R1,TOL isobutyric acid A8 F50 I2 R1,TOL isobutyric acid A8 F50 I3 R1
43308,NC_000913,"3,815,808",DEL,(A)8→7,"pyrE, rph",,"orotate phosphoribosyltransferase/ribonuclease PH (defective),enzyme, Degradation of RNA, RNase PH",,,intergenic (‑40/+26),,,,,,,,,,,,,1.00,,,,,,,
37947,NC_000913,"4,296,381",INS,+GC,"gltP, yjcO",,glutamate/aspartate:proton symporter/Sel1 family TPR-like repeat protein,,,intergenic (+587/+55),1.00,1.00,1.00,1.00,1.00,1.00,1.00,1.00,1.00,1.00,1.00,1.00,1.00,1.00,1.00,1.00,1.00,1.00,1.00,1.00
81984,NC_000913,"1,265,009",SNP,C→A,"hemA, prfA",,glutamyl tRNA reductase/peptide chain release factor RF-1,,,intergenic (+39/‑3),,,,,,,,,,,1.00,1.00,,1.00,,,,,,
81985,NC_000913,"1,756,217",SNP,G→T,pykF,,pyruvate kinase I,,,D174Y (GAC→TAC),,,,,,,,,,,1.00,1.00,,,,,,,,
81986,NC_000913,"2,866,767",SNP,C→T,rpoS,,"RNA polymerase, sigma S (sigma 38) factor",,,W262* (TGG→TAG),,,,,,,,,,,1.00,,,,,,,,,
81987,NC_000913,"4,182,820",SNP,C→T,rpoB,,"RNA polymerase, beta subunit",,,H526Y (CAC→TAC),,,,,,,1.00,1.00,1.00,1.00,1.00,1.00,,,1.00,1.00,1.00,,,
81988,NC_000913,"383,289",SNP,C→T,yaiP,,putative family 2 glycosyltransferase,,,W216* (TGG→TAG),,,,,,,,,,1.00,,,,,,,,,,
81989,NC_000913,"926,293",SNP,C→T,infA,,translation initiation factor IF-1,,,D51N (GAC→AAC),,,,,,,,,,1.00,,,,,,,,,,
81990,NC_000913,"1,756,894",INS,+TG,pykF,,pyruvate kinase I,,,coding (1197/1413 nt),,,,,,,,1.00,1.00,1.00,,,,,,,,,,
81991,NC_000913,"3,084,357",DEL,Δ1 bp,speA,,"biosynthetic arginine decarboxylase, PLP-binding",,,coding (1555/1977 nt),,,,,,,,,,1.00,,,,,,,,,,
81992,NC_000913,"3,906,597",SNP,C→A,"bglG, phoU",,transcriptional antiterminator of the bgl operon/negative regulator of PhoR/PhoB two-component regulator,,,intergenic (‑30/+256),,,,,,,,,,1.00,,,,,,,,,,
81993,NC_000913,"1,352,926",SNP,C→T,sapD,,antimicrobial peptide ABC transporter ATPase,,,G235S (GGT→AGT),,,1.00,1.00,1.00,,,,,,,,,,,,,,,
81994,NC_000913,"1,755,687",MOB,IS5 (–) +4 bp,"ydhZ, pykF",,uncharacterized protein/pyruvate kinase I,,,intergenic (‑546/‑8),,,1.00,1.00,1.00,,,,,,,,,,,,,,,
81995,NC_000913,"3,449,388",SNP,C→T,rpsC,,30S ribosomal subunit protein S3,,,E166K (GAA→AAA),,,1.00,,1.00,,,,,,,,,,,,,,,
81996,NC_000913,"3,905,639",DEL,(A)9→8,"bglF, bglG",,fused beta-glucoside-specific PTS enzymes: IIA component/IIB component/IIC component/transcriptional antiterminator of the bgl operon,,,intergenic (‑42/+92),,,1.00,1.00,1.00,,,,,,,,,,,,,,,
81997,NC_000913,"4,161,966",SNP,C→A,yijD,,DUF1422 family inner membrane protein,,,L66M (CTG→ATG),,,1.00,1.00,1.00,,,,,,,,,,,,,,,
81998,NC_000913,"4,187,619",SNP,C→A,rpoC,,"RNA polymerase, beta prime subunit",,,T757K (ACG→AAG),,,1.00,1.00,1.00,,,,,,,,,,,,,,,
26191,NC_000913,"1,299,499",DEL,"Δ1,199 bp","ychE, oppA",,UPF0056 family inner membrane protein/oligopeptide ABC transporter periplasmic binding protein,,,intergenic (+254/‑485),1.00,,1.00,,1.00,,,,1.00,,,,1.00,,,,,1.00,,
82000,NC_000913,"1,756,495",INS,(A)5→6,pykF,,pyruvate kinase I,,,coding (798/1413 nt),,,,,,,,,,,,,1.00,1.00,,,,1.00,1.00,1.00
82001,NC_000913,"1,995,819",DEL,"Δ40,006 bp","[yecF], sdiA, yecC, yecS, dcyD, fliY, fliZ, fliA, fliC, fliD, fliS, fliT, amyA, yedD, yedE, yedF, yedK, yedL, yedN, yedN, yedN, intG, fliE, fliF, fliG, fliH, fliI, fliJ, fliK, fliL, fliM, fliN, fliO, fliP, fliQ, fliR, rcsA, dsrB, yodD, dsrA, yedP, yedQ, yodC, yedI, yedA, vsr, dcm, yedJ, yedR, rseX, yedS, yedS",,"<i><b>52 genes</b><BR>[yecF], sdiA, yecC, yecS, dcyD, fliY, fliZ, fliA, fliC, fliD, fliS, fliT, amyA, yedD, yedE, yedF, yedK, yedL, yedN, yedN, yedN, intG, fliE, fliF, fliG, fliH, fliI, fliJ, fliK, fliL, fliM, fliN, fliO, fliP, fliQ, fliR, rcsA, dsrB, yodD, dsrA, yedP, yedQ, yodC, yedI, yedA, vsr, dcm, yedJ, yedR, rseX, yedS, yedS</i>",,,,,,,,,,,,,,,,,,,,,1.00,1.00,
82002,NC_000913,"3,725,175",SNP,C→G,glyQ,,"glycine tRNA synthetase, alpha subunit",,,E48D (GAG→GAC),,,,,,,,,,,,,1.00,1.00,,,,1.00,1.00,1.00
82003,NC_000913,"538,086",MOB,IS5 (–) +4 bp,ybbW,,putative allantoin transporter,,,coding (454‑457/1455 nt),,,,,,,,,,,,,,1.00,,,,,,
82004,NC_000913,"1,143,323",SNP,C→T,rne,,"endoribonuclease, RNA-binding protein,RNA degradosome binding protein",,,D349N (GAC→AAC),,,,,,,,,,,,,,1.00,,,,,,
82005,NC_000913,"4,187,214",SNP,A→C,rpoC,,"RNA polymerase, beta prime subunit",,,D622A (GAC→GCC),,,,,,,,,,,,,,1.00,,,,,,
82006,NC_000913,"4,281,707",MOB,IS5 (+) +4 bp,"yjcE, yjcF",,putative cation/proton antiporter/pentapeptide repeats protein,,,intergenic (+78/+73),,,,,,,,,,,,,,1.00,,,,,,
82007,NC_000913,"1,354,314",SNP,A→G,sapC,,antimicrobial peptide transport ABC transporter permease,,,S69P (TCG→CCG),,,,,,,,,,,,,,,1.00,1.00,1.00,,,
82008,NC_000913,"1,756,434",SNP,A→G,pykF,,pyruvate kinase I,,,D246G (GAC→GGC),,,,,,,,,,,,,,,1.00,1.00,1.00,,,
82009,NC_000913,"3,474,485",SNP,G→A,rpsL,,30S ribosomal subunit protein S12,,,A23V (GCG→GTG),,,,,,,,,,,,,,,,1.00,,,,
82010,NC_000913,"4,354,843",SNP,G→T,"lysU, dtpC",,"lysine tRNA synthetase, inducible/dipeptide and tripeptide permease",,,intergenic (‑126/+111),,,,,,,,,,,,,,,,1.00,,,,
82011,NC_000913,"3,449,508",INS,(GAACATAACGCGACG)1→2,rpsC,,30S ribosomal subunit protein S3,,,coding (376/702 nt),,,,1.00,,,,,,,,,,,,,,,,
82012,NC_000913,"37,693",SNP,A→C,caiC,,putative crotonobetaine/carnitine-CoA ligase,,,N44K (AAT→AAG),,,,,,1.00,,,,,,,,,,,,,,
82013,NC_000913,"100,657",SNP,T→G,murG,,N-acetylglucosaminyl transferase,,,I338M (ATT→ATG),,,,,,1.00,,,,,,,,,,,,,,
82014,NC_000913,"111,028",INS,+46 bp,"secA, mutT",,"preprotein translocase subunit, ATPase/dGTP-preferring nucleoside triphosphate pyrophosphohydrolase",,,intergenic (+44/‑16),,,,,,1.00,,,,,,,,,,,,,,
82015,NC_000913,"140,169",SNP,T→G,gcd,,glucose dehydrogenase,,,T353P (ACC→CCC),,,,,,1.00,,,,,,,,,,,,,,
82016,NC_000913,"146,136",SNP,T→G,yadE,,putative polysaccharide deacetylase lipoprotein,,,F352L (TTT→TTG),,,,,,1.00,,,,,,,,,,,,,,
82017,NC_000913,"522,892",SNP,A→C,"ybbP, rhsD",,"putative ABC transporter permease/Rhs protein with DUF4329 family putative toxin domain, putative neighboring cell growth inhibitor",,,intergenic (+62/‑369),,,,,,1.00,,,,,,,,,,,,,,
82018,NC_000913,"532,886",SNP,A→C,allA,,"ureidoglycolate lyase, releasing urea",,,N146H (AAC→CAC),,,,,,1.00,,,,,,,,,,,,,,
82019,NC_000913,"707,238",SNP,T→G,glnS,,glutamyl-tRNA synthetase,,,F382L (TTT→TTG),,,,,,1.00,,,,,,,,,,,,,,
82020,NC_000913,"943,261",SNP,T→G,dmsA,,"dimethyl sulfoxide reductase, anaerobic, subunit A",,,L768R (CTG→CGG),,,,,,1.00,,,,,,,,,,,,,,
82021,NC_000913,"1,343,574",SNP,T→G,"osmB, yciT",,"osmotically and stress inducible lipoprotein/global regulator of transcription, DeoR family",,,intergenic (‑246/+23),,,,,,1.00,,,,,,,,,,,,,,
82022,NC_000913,"1,356,671",SNP,T→G,sapA,,antimicrobial peptide transport ABC transporter periplasmic binding protein,,,Y147S (TAC→TCC),,,,,,1.00,,,,,,,,,,,,,,
82023,NC_000913,"1,425,236",MOB,IS5 (–) +4 bp,trkG,,"Rac prophage, potassium transporter subunit",,,coding (1455‑1458/1458 nt),,,,,,1.00,,,,,,,,,,,,,,
82024,NC_000913,"1,502,324",SNP,T→G,"tehB, ydcL",,"tellurite, selenium methyltransferase, SAM-dependent, tellurite, selenium resistance protein/lipoprotein",,,intergenic (+169/‑133),,,,,,1.00,,,,,,,,,,,,,,
82025,NC_000913,"1,583,769",SNP,T→G,safA,,"two-component system connector membrane protein, EvgSA to PhoQP",,,Q64P (CAA→CCA),,,,,,1.00,,,,,,,,,,,,,,
82026,NC_000913,"1,614,214",SNP,T→G,sad,,"succinate semialdehyde dehydrogenase, NAD(P)+-dependent",,,N164H (AAT→CAT),,,,,,1.00,,,,,,,,,,,,,,
82027,NC_000913,"1,756,083",SNP,T→C,pykF,,pyruvate kinase I,,,L129P (CTG→CCG),,,,,,1.00,,,,,,,,,,,,,,
82028,NC_000913,"1,821,514",SNP,T→G,chbB,,"N,N'-diacetylchitobiose-specific enzyme IIB component of PTS",,,I36L (ATT→CTT),,,,,,1.00,,,,,,,,,,,,,,
82029,NC_000913,"1,903,203",SNP,T→G,manY,,mannose-specific enzyme IIC component of PTS,,,I41S (ATC→AGC),,,,,,1.00,,,,,,,,,,,,,,
82030,NC_000913,"2,085,510",SNP,A→C,yeeE,,UPF0394 family inner membrane protein,,,L6V (TTA→GTA),,,,,,1.00,,,,,,,,,,,,,,
82031,NC_000913,"2,133,868",SNP,A→C,wzc,,"colanic acid production tyrosine-protein kinase, autokinase, Ugd phosphorylase",,,A595A (GCT→GCG),,,,,,1.00,,,,,,,,,,,,,,
82032,NC_000913,"2,173,468",SNP,A→C,gatC,,"pseudogene, galactitol-specific enzyme IIC component of PTS,transport, Transport of small molecules: Carbohydrates, organic acids, alcohols, PTS system galactitol-specific enzyme IIC",,,pseudogene (811/914 nt),,,,,,1.00,,,,,,,,,,,,,,
82033,NC_000913,"2,343,454",SNP,T→G,yfaL,,adhesin,,,Y239S (TAT→TCT),,,,,,1.00,,,,,,,,,,,,,,
82034,NC_000913,"2,406,260",SNP,A→C,lrhA,,"transcriptional repressor of flagellar, motility and chemotaxis genes",,,L128V (TTA→GTA),,,,,,1.00,,,,,,,,,,,,,,
82035,NC_000913,"2,495,641",SNP,A→C,"yfdY, lpxP",,DUF2545 family putative inner membrane protein/palmitoleoyl-acyl carrier protein (ACP)-dependent acyltransferase,,,intergenic (‑349/‑4),,,,,,1.00,,,,,,,,,,,,,,
82036,NC_000913,"2,511,580",SNP,A→C,mntH,,manganese/divalent cation transporter,,,L376W (TTG→TGG),,,,,,1.00,,,,,,,,,,,,,,
82037,NC_000913,"2,583,262",SNP,T→G,nudK,,GDP-mannose pyrophosphatase,,,N73H (AAT→CAT),,,,,,1.00,,,,,,,,,,,,,,
82038,NC_000913,"2,591,492",SNP,A→C,yffB,,putative ArsC family reductase,,,L82F (TTA→TTC),,,,,,1.00,,,,,,,,,,,,,,
43127,NC_000913,"2,173,363",DEL,Δ2 bp,"gatC, gatC",,"pseudogene, galactitol-specific enzyme IIC component of PTS,transport, Transport of small molecules: Carbohydrates, organic acids, alcohols, PTS system galactitol-specific enzyme IIC/pseudogene, galactitol-specific enzyme IIC component of PTS,transport, Transport of small molecules: Carbohydrates, organic acids, alcohols, PTS system galactitol-specific enzyme IIC",,,intergenic (‑1/+1),1.00,1.00,1.00,1.00,1.00,1.00,1.00,1.00,1.00,1.00,1.00,1.00,1.00,1.00,1.00,1.00,1.00,1.00,1.00,1.00
82040,NC_000913,"2,828,281",SNP,T→G,srlD,,sorbitol-6-phosphate dehydrogenase,,,L182R (CTG→CGG),,,,,,1.00,,,,,,,,,,,,,,
82041,NC_000913,"3,000,850",SNP,A→C,xdhA,,"xanthine dehydrogenase, molybdenum binding subunit",,,Q169P (CAG→CCG),,,,,,1.00,,,,,,,,,,,,,,
82042,NC_000913,"3,021,392",SNP,T→G,xdhD,,"putative hypoxanthine oxidase, molybdopterin-binding/Fe-S binding",,,L26W (TTG→TGG),,,,,,1.00,,,,,,,,,,,,,,
82043,NC_000913,"3,067,245",SNP,T→G,"ygfI, yggE",,putative DNA-binding transcriptional regulator/oxidative stress defense protein,,,intergenic (‑72/+95),,,,,,1.00,,,,,,,,,,,,,,
82044,NC_000913,"3,378,200",SNP,T→G,rpsI,,30S ribosomal subunit protein S9,,,E3A (GAA→GCA),,,,,,1.00,,,,,,,,,,,,,,
82045,NC_000913,"3,927,462",SNP,A→C,asnA,,asparagine synthetase A,,,E103A (GAA→GCA),,,,,,1.00,,,,,,,,,,,,,,
82046,NC_000913,"3,989,853",SNP,T→G,hemC,,hydroxymethylbilane synthase,,,E305A (GAA→GCA),,,,,,1.00,,,,,,,,,,,,,,
82047,NC_000913,"4,032,395",SNP,A→C,pepQ,,proline dipeptidase,,,E412A (GAA→GCA),,,,,,1.00,,,,,,,,,,,,,,
82048,NC_000913,"4,153,955",SNP,A→C,argE,,acetylornithine deacetylase,,,L298R (CTG→CGG),,,,,,1.00,,,,,,,,,,,,,,
82049,NC_000913,"4,180,393",SNP,A→C,rplJ,,50S ribosomal subunit protein L10,,,E133A (GAA→GCA),,,,,,1.00,,,,,,,,,,,,,,
82050,NC_000913,"4,182,313",SNP,A→C,rpoB,,"RNA polymerase, beta subunit",,,N357H (AAC→CAC),,,,,,1.00,,,,,,,,,,,,,,
82051,NC_000913,"4,187,214",SNP,A→T,rpoC,,"RNA polymerase, beta prime subunit",,,D622V (GAC→GTC),,,,,,1.00,,,,,,,,,,,,,,
82052,NC_000913,"4,586,506",SNP,A→C,hsdR,,endonuclease R Type I restriction enzyme,,,L86V (TTA→GTA),,,,,,1.00,,,,,,,,,,,,,,
82053,NC_000913,"4,609,163",SNP,T→G,yjjG,,dUMP phosphatase,,,M173R (ATG→AGG),,,,,,1.00,,,,,,,,,,,,,,
82054,NC_000913,"3,441,417",SNP,C→A,rpsD,,30S ribosomal subunit protein S4,,,G87C (GGT→TGT),,,,,,,,,1.00,,,,,,,,,,,
82055,NC_000913,"2,867,337",DEL,Δ96 bp,rpoS,,"RNA polymerase, sigma S (sigma 38) factor",,,coding (120‑215/993 nt),,,,,,,,,,,,1.00,,,,,,,,
82056,NC_000913,"255,591",DEL,"Δ18,364 bp","[pepD], gpt, frsA, crl, crl, phoE, proB, proA, thrW, ykfN, ykfI, yafW, ykfH, ykfG, yafX, ykfF, ykfB, yafY, ykfL, ykfK, yafZ, ykfA, perR, insN, insI1, insN, eyeA, [ykfC]",,"<i><b>28 genes</b><BR>[pepD], gpt, frsA, crl, crl, phoE, proB, proA, thrW, ykfN, ykfI, yafW, ykfH, ykfG, yafX, ykfF, ykfB, yafY, ykfL, ykfK, yafZ, ykfA, perR, insN, insI1, insN, eyeA, [ykfC]</i>",,,IS5‑mediated,,1.00,,,,,,,,,,,,,,,,,,
82057,NC_000913,"1,756,637",SNP,G→C,pykF,,pyruvate kinase I,,,E314Q (GAA→CAA),,1.00,,,,,,,,,,,,,,,,,,
82058,NC_000913,"1,969,313",SNP,C→A,cheR,,"chemotaxis regulator, protein-glutamate methyltransferase",,,E18* (GAG→TAG),,1.00,,,,,,,,,,,,,,,,,,
82059,NC_000913,"2,037,332",SNP,G→T,yedV,,putative sensory kinase in two-component regulatory system with YedW,,,T274K (ACA→AAA),,1.00,,,,,,,,,,,,,,,,,,
82060,NC_000913,"3,327,665",MOB,IS5 (+) +4 bp,"rlmE, yhbY",,"23S rRNA U2552 2'-O-ribose methyltransferase, SAM-dependent/RNA binding protein associated with pre-50S ribosomal subunits",,,intergenic (‑1/‑122),,1.00,,,,,,,,,,,,,,,,,,
82061,NC_000913,"4,182,938",SNP,A→C,rpoB,,"RNA polymerase, beta subunit",,,E565A (GAA→GCA),,1.00,,,,,,,,,,,,,,,,,,
82062,NC_000913,"2,867,356",DEL,Δ1 bp,rpoS,,"RNA polymerase, sigma S (sigma 38) factor",,,coding (196/993 nt),,,,,,,,,,,,,1.00,,,,,,,
82063,NC_000913,"3,315,513",SNP,T→G,infB,,translation initiation factor IF-2,,,N168H (AAC→CAC),,,,,,,,,,,,,1.00,,,,,,,
82064,NC_000913,"4,184,792",SNP,C→T,rpoB,,"RNA polymerase, beta subunit",,,A1183V (GCA→GTA),,,,,,,,,,,,,1.00,,,,,,,
82065,NC_000913,"2,563,402",SNP,C→A,"yffP, yffQ",,"CPZ-55 prophage, uncharacterized protein/CPZ-55 prophage, uncharacterized protein",,,intergenic (+285/‑190),,,,,,,,,,,,,,,,,,,,1.00
82066,NC_000913,"3,851,044",SNP,T→G,ilvN,,acetolactate synthase 1 small subunit,,,N17H (AAC→CAC),,,,,,,,,,,,,,,,,,,,1.00
82067,NC_000913,"4,037,067",SNP,T→C,rrsA,,16S ribosomal RNA of rrnA operon,,,noncoding (1537/1542 nt),,,,,,,,,,,,,,,,,,,,1.00
82068,NC_000913,"1,755,755",MOB,IS5 (–) +4 bp,pykF,,pyruvate kinase I,,,coding (58‑61/1413 nt),1.00,,,,,,,,,,,,,,,,,,,
82069,NC_000913,"2,967,576",MOB,IS5 (+) +4 bp,ptsP,,"PEP-protein phosphotransferase enzyme I, GAF domain containing protein",,,coding (856‑859/2247 nt),1.00,,,,,,,,,,,,,,,,,,,
82070,NC_000913,"4,183,097",SNP,A→T,rpoB,,"RNA polymerase, beta subunit",,,Q618L (CAG→CTG),1.00,,,,,,,,,,,,,,,,,,,
82071,NC_000913,"1,354,686",SNP,A→C,sapB,,antimicrobial peptide transport ABC transporter permease,,,V262G (GTT→GGT),,,,,,,,1.00,,,,,,,,,,,,
82072,NC_000913,"4,603,494",SNP,C→A,yjjQ,,putative transcriptional regulator,,,C6* (TGC→TGA),,,,,,,,1.00,,,,,,,,,,,,
82073,NC_000913,"1,472,662",MOB,IS5 (–) +4 bp,ydbA,,"pseudogene, autotransporter homolog, interrupted by IS2 and IS30",,,pseudogene (2146‑2149/3497 nt),,,,,,,1.00,,,,,,,,,,,,,
82074,NC_000913,"1,757,082",MOB,+G :: IS5 (–) +3 bp,pykF,,pyruvate kinase I,,,coding (1385‑1387/1413 nt),,,,,,,1.00,,,,,,,,,,,,,
26183,NC_000913,"1,978,503",DEL,Δ776 bp,"insB1, insA",,"insB1, insA",,,,1.00,1.00,1.00,1.00,1.00,1.00,1.00,1.00,1.00,1.00,1.00,1.00,1.00,1.00,1.00,1.00,1.00,1.00,1.00,1.00
81597,NC_000913,"1,352,163",SNP,G→A,sapF,,antimicrobial peptide ABC transporter ATPase,,,R158C (CGT→TGT),,,,,,,1.00,,,,,,,,,,,,,
72382,CP009273,"20,771",SNP,C→A,"insA, rpsT",,IS1 repressor TnpA/30S ribosomal subunit protein S20,,,intergenic (‑263/+44),1.00,,,,,,,,,,,,,,,,,,,
43381,NC_000913,"1,907,448",MOB,IS5 (–) +4 bp,yobF,,DUF2527 family heat-induced protein,,,coding (141‑144/144 nt),,,1.00,1.00,1.00,,,,,,,,,,,,,,,
82039,NC_000913,"2,751,315",SNP,T→G,nadK,,NAD kinase,,,F162C (TTC→TGC),,,,,,1.00,,,,,,,,,,,,,,
43128,NC_000913,"3,560,455",INS,+G,"glpR, glpR",,"pseudogene, DNA-binding transcriptional repressor,regulator, Energy metabolism, carbon: Anaerobic respiration, repressor of the glp operon/pseudogene, DNA-binding transcriptional repressor,regulator, Energy metabolism, carbon: Anaerobic respiration, repressor of the glp operon",,,intergenic (‑2/+1),1.00,1.00,1.00,1.00,1.00,1.00,1.00,1.00,1.00,1.00,1.00,1.00,1.00,1.00,1.00,1.00,1.00,1.00,1.00,1.00
40592,NC_000913,"3,815,859",DEL,Δ82 bp,"[rph], [rph]",,"[rph], [rph]",,,,,,,,,,,,,,,,,,,,,1.00,1.00,1.00
81999,NC_000913,"87,381",SNP,C→T,ilvH,,"acetolactate synthase 3, small subunit, valine-sensitive",,,L9F (CTC→TTC),,,,,,,,,,,,,,,,,,1.00,1.00,
26102,NC_000913,"257,908",DEL,Δ776 bp,[crl],,[crl],,,,1.00,,1.00,1.00,1.00,1.00,1.00,1.00,1.00,1.00,1.00,1.00,1.00,1.00,1.00,1.00,1.00,1.00,1.00,1.00
