Reference Seq,Position,Mutation Type,Sequence Change,Gene,Function,Product,GO Process,GO Component,Mut ID,Details,TOL coumaric acid A1 F50 I1 R1,TOL coumaric acid A2 F50 I1 R1,TOL coumaric acid A2 F50 I2 R1,TOL coumaric acid A2 F50 I3 R1,TOL coumaric acid A3 F50 I1 R1,TOL coumaric acid A3 F50 I2 R1,TOL coumaric acid A3 F50 I3 R1,TOL coumaric acid A4 F50 I1 R1,TOL coumaric acid A4 F50 I2 R1,TOL coumaric acid A4 F50 I3 R1,TOL coumaric acid A5 F50 I1 R1,TOL coumaric acid A5 F50 I2 R1,TOL coumaric acid A5 F50 I3 R1,TOL coumaric acid A6 F50 I1 R1,TOL coumaric acid A6 F50 I2 R1,TOL coumaric acid A6 F50 I3 R1,TOL coumaric acid A7 F50 I1 R1,TOL coumaric acid A7 F50 I2 R1,TOL coumaric acid A8 F50 I1 R1,TOL coumaric acid A8 F50 I2 R1
81615,NC_000913,"4,627,451",DEL,Δ124 bp,nadR,,"trifunctional protein: nicotinamide mononucleotide adenylyltransferase, ribosylnicotinamide kinase, transcriptional repressor",,,coding (137‑260/1233 nt),,1.00,1.00,1.00,,,,,,,,,,,,,,,,
80657,NC_000913,"1,903,497",SNP,T→C,manY,,mannose-specific enzyme IIC component of PTS,,,I139T (ATC→ACC),,,,,1.00,1.00,1.00,,,,,,,1.00,1.00,1.00,1.00,1.00,1.00,1.00
44065,NC_000913,"1,293,196",MOB,IS5 (+) +4 bp,"hns, tdk",,global DNA-binding transcriptional dual regulator H-NS/thymidine kinase/deoxyuridine kinase,,,intergenic (‑274/‑328),,,,,1.00,1.00,1.00,,,,,,,,,,,,,
43299,NC_000913,"3,815,810",DEL,Δ1 bp,"pyrE, rph",,"orotate phosphoribosyltransferase/ribonuclease PH (defective),enzyme, Degradation of RNA, RNase PH",,,intergenic (‑42/+24),,,,,1.00,1.00,1.00,,,,,,,1.00,1.00,1.00,1.00,1.00,1.00,1.00
81607,NC_000913,"4,627,567",SNP,C→T,nadR,,"trifunctional protein: nicotinamide mononucleotide adenylyltransferase, ribosylnicotinamide kinase, transcriptional repressor",,,Q85* (CAG→TAG),,,,,,,,1.00,1.00,1.00,,,,,,,,,,
37947,NC_000913,"4,296,381",INS,+GC,"gltP, yjcO",,glutamate/aspartate:proton symporter/Sel1 family TPR-like repeat protein,,,intergenic (+587/+55),1.00,1.00,1.00,1.00,1.00,1.00,1.00,1.00,1.00,1.00,1.00,1.00,1.00,1.00,1.00,1.00,1.00,1.00,1.00,1.00
81596,NC_000913,"667,158",SNP,C→T,mrdA,,"penicillin-binding protein 2, transpeptidase involved in peptidoglycan synthesis",,,D354N (GAC→AAC),,,,,,,,,,,1.00,1.00,1.00,,,,,,,
81597,NC_000913,"1,352,163",SNP,G→A,sapF,,antimicrobial peptide ABC transporter ATPase,,,R158C (CGT→TGT),,1.00,1.00,1.00,,,,,,,1.00,1.00,1.00,,,,,,,
81598,NC_000913,"2,678,755",MOB,IS5 (+) +4 bp,yphF,,putative sugar ABC transporter periplasmic binding protein,,,coding (610‑613/984 nt),,,,,,,,,,,1.00,,,,,,,,,
81599,NC_000913,"2,784,452",MOB,IS5 (–) +4 bp,ypjC,,pseudogene,,,pseudogene (557‑560/1374 nt),,,,,,,,,,,1.00,1.00,1.00,,,,,,,
81600,NC_000913,"3,922,629",MOB,IS5 (–) +4 bp,"atpI, rsmG",,"ATP synthase, membrane-bound accessory factor/16S rRNA m(7)G527 methyltransferase, SAM-dependent, glucose-inhibited cell-division protein",,,intergenic (‑189/+425),,1.00,1.00,1.00,,,,,,,1.00,,,,,,,,,
81601,NC_000913,"3,966,751",SNP,C→T,rho,,transcription termination factor,,,A112V (GCG→GTG),,1.00,1.00,1.00,,,,,,,1.00,1.00,1.00,,,,,,,
81602,NC_000913,"4,054,531",DEL,Δ104 bp,glnG,,fused DNA-binding response regulator in two-component regulatory system with GlnL: response regulator/sigma54 interaction protein,,,coding (645‑748/1410 nt),,,,,,,,,,,1.00,,,,,,,,,
81603,NC_000913,"4,628,232",DEL,Δ1 bp,nadR,,"trifunctional protein: nicotinamide mononucleotide adenylyltransferase, ribosylnicotinamide kinase, transcriptional repressor",,,coding (918/1233 nt),,,,,,,,,,,1.00,,,,,,,,,
81604,NC_000913,"2,141,832",SNP,A→T,dcd,,"deoxycytidine triphosphate deaminase, dCTP deaminase",,,D128E (GAT→GAA),,,,,,,,1.00,1.00,1.00,,,,,,,,,,
81605,NC_000913,"3,440,924",SNP,C→G,rpoA,,"RNA polymerase, alpha subunit",,,G36R (GGC→CGC),,,,,,,,1.00,1.00,1.00,,,,,,,,,,
81606,NC_000913,"3,473,615",SNP,C→T,rpsG,,30S ribosomal subunit protein S7,,,W156* (TGG→TAG),,,,,,,,1.00,1.00,1.00,,,,,,,,,,
26183,NC_000913,"1,978,503",DEL,Δ776 bp,"insB1, insA",,"insB1, insA",,,,1.00,1.00,1.00,1.00,1.00,1.00,1.00,1.00,1.00,1.00,1.00,1.00,1.00,1.00,1.00,1.00,1.00,1.00,1.00,1.00
81608,NC_000913,"1,347,892",MOB,IS5 (–) +4 bp,rnb,,ribonuclease II,,,coding (1018‑1021/1935 nt),,,,,,,,,,,,,,1.00,1.00,1.00,,,,
81609,NC_000913,"3,317,438",SNP,G→A,nusA,,transcription termination/antitermination L factor,,,A30V (GCG→GTG),,,,,,,,,,,,,,1.00,1.00,1.00,,,,
81610,NC_000913,"3,530,902",SNP,A→G,yhgE,,DUF4153 family putative inner membrane protein,,,V513A (GTC→GCC),,,,,,,,,,,,,,1.00,1.00,1.00,,,,
81611,NC_000913,"3,966,727",SNP,C→T,rho,,transcription termination factor,,,P104L (CCG→CTG),1.00,,,,1.00,1.00,1.00,,,,,,,1.00,1.00,1.00,1.00,1.00,,
81612,NC_000913,"4,544,671",MOB,+G :: IS5 (–) +3 bp,fimC,,periplasmic chaperone,,,coding (368‑370/726 nt),,,,,,,,,,,,,,,,1.00,,,,
81613,NC_000913,"4,569,172",SNP,G→A,yjiP,,"pseudogene, transposase_31 family protein",,,pseudogene (175/921 nt),,,,,,,,,,,,,,1.00,1.00,1.00,,,,
81614,NC_000913,"102,228",DEL,Δ1 bp,murC,,UDP-N-acetylmuramate:L-alanine ligase,,,coding (1464/1476 nt),,1.00,1.00,1.00,,,,,,,,,,,,,,,,
26191,NC_000913,"1,299,499",DEL,"Δ1,199 bp","ychE, oppA",,UPF0056 family inner membrane protein/oligopeptide ABC transporter periplasmic binding protein,,,intergenic (+254/‑485),1.00,,1.00,,,,,,,,,,,,,1.00,1.00,,,1.00
81616,NC_000913,"2,801,966",DEL,"Δ11,843 bp","[nrdE], nrdF, proV, proW, proX, ygaY, ygaY, ygaZ, ygaH, mprA, emrA, [emrB]",,"[nrdE], nrdF, proV, proW, proX, ygaY, ygaY, ygaZ, ygaH, mprA, emrA, [emrB]",,,,,,,,,,,,,,,,,,,,,,1.00,1.00
81617,NC_000913,"3,685,181",DEL,Δ273 bp,yhjK,,cyclic-di-GMP phosphodiesterase,,,coding (166‑438/1989 nt),,,,,,,,,,,,,,,,,,,,1.00
81618,NC_000913,"3,966,718",INS,+GAT,rho,,transcription termination factor,,,coding (302/1260 nt),,,,,,,,,,,,,,,,,,,,1.00
81619,NC_000913,"1,908,812",MOB,IS5 (–) +4 bp,"mgrB, yobH",,"regulatory peptide for PhoPQ, feedback inhibition/uncharacterized protein",,,intergenic (‑46/‑110),,,,,,,,,,,,,,,,,,1.00,,
81620,NC_000913,"2,782,626",MOB,IS5 (–) +4 bp,ypjA,,adhesin-like autotransporter,,,coding (98‑101/4581 nt),,,,,,,,,,,,,,,,,1.00,1.00,,
81621,NC_000913,"2,810,804",DEL,Δ1 bp,mprA,,transcriptional repressor of microcin B17 synthesis and multidrug efflux,,,coding (35/531 nt),,,,,,,,,,,,,,,,,1.00,1.00,,
81622,NC_000913,"4,183,814",SNP,T→A,rpoB,,"RNA polymerase, beta subunit",,,V857E (GTG→GAG),,,,,,,,,,,,,,,,,1.00,1.00,,
81623,NC_000913,"954,638",SNP,C→T,"focA, ycaO",,formate channel/ribosomal protein S12 methylthiotransferase accessory factor,,,intergenic (‑172/+234),,,,,,,,,,,,,1.00,,,,,,,
81624,NC_000913,"1,768,309",SNP,A→T,ydiJ,,putative FAD-linked oxidoreductase,,,V126E (GTG→GAG),,,,,,,,,,,,,1.00,,,,,,,
81625,NC_000913,"3,471,319",DEL,(T)5→4,tufA,,translation elongation factor EF-Tu 1,,,coding (11/1185 nt),,,,,,,,,,,,,1.00,,,,,,,
81626,NC_000913,"3,922,570",INS,+TAG,"atpI, rsmG",,"ATP synthase, membrane-bound accessory factor/16S rRNA m(7)G527 methyltransferase, SAM-dependent, glucose-inhibited cell-division protein",,,intergenic (‑130/+487),,,,,,,,,,,,,1.00,,,,,,,
81627,NC_000913,"1,961,829",MOB,IS5 (–) +4 bp,"argS, yecT",,arginyl-tRNA synthetase/uncharacterized protein,,,intergenic (+34/‑140),,,1.00,,,,,,,,,,,,,,,,,
81628,NC_000913,"2,297,586",MOB,IS5 (+) +4 bp,ccmA,,heme export ABC transporter ATPase,,,coding (56‑59/624 nt),,,1.00,,,,,,,,,,,,,,,,,
81629,NC_000913,"4,099,695",SNP,G→A,rhaT,,L-rhamnose:proton symporter,,,A277A (GCC→GCT),,,1.00,,,,,,,,,,,,,,,,,
81630,NC_000913,"260,217",DEL,"Δ13,738 bp","proB, proA, thrW, ykfN, ykfI, yafW, ykfH, ykfG, yafX, ykfF, ykfB, yafY, ykfL, ykfK, yafZ, ykfA, perR, insN, insI1, insN, eyeA, [ykfC]",,"<i><b>22 genes</b><BR>proB, proA, thrW, ykfN, ykfI, yafW, ykfH, ykfG, yafX, ykfF, ykfB, yafY, ykfL, ykfK, yafZ, ykfA, perR, insN, insI1, insN, eyeA, [ykfC]</i>",,,IS5‑mediated,,,,,1.00,,,,,,,,,,,,,,,
81631,NC_000913,"663,746",SNP,C→T,dacA,,D-alanyl-D-alanine carboxypeptidase (penicillin-binding protein 5),,,S73N (AGC→AAC),,,,,1.00,1.00,1.00,,,,,,,,,,,,,
81632,NC_000913,"2,810,080",DEL,"Δ1,165 bp","[ygaZ], ygaH, [mprA]",,"[ygaZ], ygaH, [mprA]",,,,,,,,1.00,1.00,1.00,,,,,,,,,,,,,
81633,NC_000913,"3,922,483",SNP,G→A,"atpI, rsmG",,"ATP synthase, membrane-bound accessory factor/16S rRNA m(7)G527 methyltransferase, SAM-dependent, glucose-inhibited cell-division protein",,,intergenic (‑43/+574),,,,,1.00,1.00,1.00,,,,,,,,,,,,,
81634,NC_000913,"4,183,802",SNP,A→G,rpoB,,"RNA polymerase, beta subunit",,,D853G (GAC→GGC),,,,,1.00,1.00,1.00,,,,,,,,,,,,,
81635,NC_000913,"1,436,746",SNP,T→C,ompN,,"outer membrane pore protein N, non-specific",,,K50E (AAA→GAA),,,,,,,,,1.00,,,,,,,,,,,
81636,NC_000913,"2,743,181",SNP,A→G,yfiN,,putative membrane-anchored diguanylate cyclase,,,I267V (ATC→GTC),,,,,,,,,1.00,,,,,,,,,,,
81637,NC_000913,"4,628,214",DEL,Δ1 bp,nadR,,"trifunctional protein: nicotinamide mononucleotide adenylyltransferase, ribosylnicotinamide kinase, transcriptional repressor",,,coding (900/1233 nt),,,,,,,,,,,,1.00,,,,,,,,
81638,NC_000913,"1,856,052",MOB,IS5 (+) +4 bp,ydjH,,putative kinase,,,coding (874‑877/948 nt),,,,,,,,,,,,,,,,,1.00,,,
81639,NC_000913,"3,277,273",INS,(TTCAACA)2→3,prlF,,antitoxin of the SohA(PrlF)-YhaV toxin-antitoxin system,,,coding (272/336 nt),,,,,,,,,,,,,,,,,1.00,,,
81640,NC_000913,"2,374",SNP,G→T,thrA,,Bifunctional aspartokinase/homoserine dehydrogenase 1,,,A680S (GCG→TCG),,,,,,,,,,,,,,,,,,,1.00,
81641,NC_000913,"3,683,736",DEL,Δ1 bp,yhjK,,cyclic-di-GMP phosphodiesterase,,,coding (1883/1989 nt),,,,,,,,,,,,,,,,,,,1.00,
43370,NC_000913,"4,185,540",SNP,C→T,rpoC,,"RNA polymerase, beta prime subunit",,,P64L (CCG→CTG),1.00,1.00,1.00,1.00,,,,,,,1.00,1.00,1.00,,,,,,,
81643,NC_000913,"1,168,483",SNP,C→T,ycfQ,,repressor for bhsA(ycfR),,,C117Y (TGC→TAC),1.00,,,,,,,,,,,,,,,,,,,
81644,NC_000913,"1,354,284",SNP,C→A,sapC,,antimicrobial peptide transport ABC transporter permease,,,G79W (GGG→TGG),1.00,,,,,,,,,,,,,,,,,,,
81645,NC_000913,"4,546,637",DEL,Δ1 bp,fimD,,"fimbrial usher outer membrane porin protein, FimCD chaperone-usher",,,coding (1542/2637 nt),1.00,,,,,,,,,,,,,,,,,,,
81646,NC_000913,"4,627,958",SNP,C→T,nadR,,"trifunctional protein: nicotinamide mononucleotide adenylyltransferase, ribosylnicotinamide kinase, transcriptional repressor",,,P215L (CCG→CTG),1.00,,,,,,,,,,,,,,,,,,,
81647,NC_000913,"4,375,431",SNP,A→C,epmB,,"EF-P-Lys34 lysylation protein, weak lysine 2,3-aminomutase",,,V76G (GTA→GGA),,,,,,,,1.00,,,,,,,,,,,,
26102,NC_000913,"257,908",DEL,Δ776 bp,[crl],,[crl],,,,1.00,1.00,1.00,1.00,1.00,1.00,1.00,1.00,1.00,1.00,1.00,1.00,1.00,1.00,1.00,1.00,1.00,1.00,1.00,1.00
43127,NC_000913,"2,173,363",DEL,Δ2 bp,"gatC, gatC",,"pseudogene, galactitol-specific enzyme IIC component of PTS,transport, Transport of small molecules: Carbohydrates, organic acids, alcohols, PTS system galactitol-specific enzyme IIC/pseudogene, galactitol-specific enzyme IIC component of PTS,transport, Transport of small molecules: Carbohydrates, organic acids, alcohols, PTS system galactitol-specific enzyme IIC",,,intergenic (‑1/+1),1.00,1.00,1.00,1.00,1.00,1.00,1.00,1.00,1.00,1.00,1.00,1.00,1.00,1.00,1.00,1.00,1.00,1.00,1.00,1.00
43128,NC_000913,"3,560,455",INS,+G,"glpR, glpR",,"pseudogene, DNA-binding transcriptional repressor,regulator, Energy metabolism, carbon: Anaerobic respiration, repressor of the glp operon/pseudogene, DNA-binding transcriptional repressor,regulator, Energy metabolism, carbon: Anaerobic respiration, repressor of the glp operon",,,intergenic (‑2/+1),1.00,1.00,1.00,1.00,1.00,1.00,1.00,1.00,1.00,1.00,1.00,1.00,1.00,1.00,1.00,1.00,1.00,1.00,1.00,1.00
81642,NC_000913,"64,352",SNP,G→C,polB,,DNA polymerase II,,,R477G (CGC→GGC),1.00,,,,,,,,,,,,,,,,,,,
